房号,建筑面积,建筑面积单价,套内面积,套内面积单价,总售价,销售状况,备注
216,40.51,30212.04,38.64,31674.17,1223890.00,在售,商业
213,34.96,38668.00,32.55,41531.00,1351834.00,在售,商业
212,52.78,49280.00,49.15,52919.00,2600998.00,在售,商业
211,63.45,49280.00,59.09,52916.00,3126816.00,在售,商业
210,47.45,49280.00,44.19,52915.00,2338336.00,在售,商业
209,53.41,48180.00,49.74,51734.00,2573293.00,在售,商业
208,55.52,45650.00,51.70,49022.00,2534488.00,在售,商业
207,58.28,45320.00,54.27,48668.00,2641249.00,在售,商业
171,22.26,89980.00,20.99,95424.00,2002954.00,在售,商业
170,50.08,71921.00,47.23,76261.00,3601807.00,在售,商业
169,59.08,82280.00,55.73,87225.00,4861102.00,在售,商业
168,57.54,81180.00,54.27,86071.00,4671097.00,在售,商业
167,54.82,73176.00,51.70,77593.00,4011558.00,在售,商业
166,48.46,81724.95,45.70,86660.00,3960391.00,在售,商业
165,39.98,96580.00,37.71,102393.00,3861268.00,在售,商业
163,37.30,96580.00,35.18,102400.00,3602433.00,在售,商业
162,38.94,84480.00,36.73,89563.00,3289651.00,在售,商业
161,28.67,75900.00,27.04,80475.00,2176053.00,在售,商业
160,29.98,73480.00,28.27,77924.00,2202930.00,在售,商业
159,37.56,71280.00,35.42,75586.00,2677276.00,在售,商业
158,37.56,65010.00,35.42,68937.00,2441775.00,在售,商业
157,27.57,64680.00,26.00,68585.00,1783227.00,在售,商业
156,27.57,64680.00,26.00,68585.00,1783227.00,在售,商业
155,27.77,52413.00,26.19,55576.00,1455535.00,在售,商业
153,22.28,65557.27,21.02,69486.00,1460615.00,在售,商业
152,21.18,80080.00,19.97,84932.00,1696094.00,在售,商业
151,20.30,70562.66,19.15,74800.00,1432421.00,在售,商业
150,29.92,71407.45,28.22,75709.00,2136510.00,在售,商业
149,26.53,84279.27,25.03,89329.00,2235929.00,在售,商业
148,33.55,84276.39,31.65,89335.00,2827472.00,在售,商业
147,25.19,83899.68,23.76,88949.00,2113432.00,在售,商业
146,41.70,84892.85,39.33,90008.00,3540031.00,在售,商业
145,42.04,106260.00,39.65,112665.00,4467170.00,在售,商业
143,59.75,106260.00,56.35,112671.00,6349035.00,在售,商业
142,56.10,84778.68,52.92,89873.00,4756083.00,在售,商业
141,16.98,99880.00,16.02,105865.00,1695962.00,在售,商业
140,16.01,98780.00,15.10,104732.00,1581467.00,在售,商业
139,37.79,83956.73,35.64,89021.00,3172724.00,在售,商业
138,43.38,82580.00,40.92,87545.00,3582341.00,在售,商业
137,52.97,82621.09,49.96,87598.00,4376439.00,在售,商业
136,38.17,83213.28,36.00,88229.00,3176250.00,在售,商业
206,40.51,38546.53,38.64,40412.00,1561519.00,在售,商业
205,41.39,38343.00,39.48,40198.00,1587017.00,在售,商业
203,44.03,36868.41,42.00,38650.00,1623316.00,在售,商业
202,44.03,36385.51,42.00,38144.00,1602054.00,在售,商业
201,1859.54,35507.06,1720.59,38374.00,66026798.00,在售,商业
135,43.69,77880.00,42.00,81013.00,3402577.00,在售,商业
133,61.60,50000.00,59.22,52009.00,3080000.00,在售,商业
132,80.16,50000.00,77.06,52011.00,4008000.00,在售,商业
131,24.61,77330.00,23.65,80468.00,1903091.00,在售,商业
130,60.95,73150.00,58.59,76096.00,4458492.00,在售,商业
129,63.29,73150.00,60.84,76095.00,4629663.00,在售,商业
128,58.22,73046.63,55.97,75983.00,4252774.00,在售,商业
127,36.50,83480.00,35.09,86835.00,3047040.00,在售,商业
126,39.29,51000.00,37.77,53052.00,2003790.00,在售,商业
125,57.86,51000.00,55.62,53053.00,2950860.00,在售,商业
123,60.29,51000.00,57.96,53050.00,3074790.00,在售,商业
122,60.95,51000.00,58.59,53054.00,3108450.00,在售,商业
121,26.08,72930.00,25.07,75868.00,1902014.00,在售,商业
120,24.76,80410.00,23.80,83653.00,1990951.00,在售,商业
119,62.27,51000.00,59.86,53053.00,3175770.00,在售,商业
118,61.60,51000.00,59.22,53049.00,3141600.00,在售,商业
117,43.69,51000.00,42.00,53052.00,2228190.00,在售,商业
116,57.67,51000.00,55.44,53051.00,2941170.00,在售,商业
115,99.49,71417.59,95.64,74292.00,7105336.00,在售,商业
113,57.67,82291.71,55.44,85601.00,4745762.00,在售,商业
112,169.52,79530.00,162.96,82731.00,13481925.00,在售,商业
111,78.24,82661.00,75.21,85992.00,6467458.00,在售,商业
110,61.84,79200.00,59.45,82383.00,4897728.00,在售,商业
109,61.97,77110.00,59.58,80203.00,4778506.00,在售,商业
108,54.93,75680.00,52.80,78733.00,4157102.00,在售,商业
107,54.92,76120.00,52.80,79176.00,4180510.00,在售,商业
106,58.13,78650.00,55.88,81816.00,4571924.00,在售,商业
105,167.58,50000.00,161.09,52014.00,8379000.00,在售,商业
102,174.14,51800.00,167.40,53885.00,9020452.00,在售,商业
101,189.20,85140.00,181.88,88566.00,16108487.00,在售,商业
508,247.80,15000.00,162.96,22809.27,3717000.00,在售,办公
507,177.12,15000.00,116.48,22809.06,2656800.00,在售,办公
506,202.42,15000.00,133.12,22808.74,3036300.00,在售,办公
606,477.39,15000.00,299.60,23901.36,7160850.00,在售,办公
706,212.12,15000.00,133.12,23901.74,3181800.00,在售,办公
806,477.39,15000.00,299.60,23901.36,7160850.00,在售,办公
906,212.12,15000.00,133.12,23901.74,3181800.00,在售,办公
1006,477.39,15000.00,299.60,23901.36,7160850.00,在售,办公
1306,212.12,15000.00,133.12,23901.74,3181800.00,在售,办公
1406,477.39,15000.00,299.60,23901.36,7160850.00,在售,办公
1506,212.12,15000.00,133.12,23901.74,3181800.00,在售,办公
1606,477.39,15000.00,299.60,23901.36,7160850.00,在售,办公
1706,212.12,15000.00,133.12,23901.74,3181800.00,在售,办公
1806,477.39,15000.00,299.60,23901.36,7160850.00,在售,办公
1906,212.83,15000.00,133.12,23981.74,3192450.00,在售,办公
2006,477.39,15000.00,299.60,23901.36,7160850.00,在售,办公
2106,212.83,15000.00,133.12,23981.74,3192450.00,在售,办公
2206,477.39,15000.00,299.60,23901.36,7160850.00,在售,办公
2306,212.12,15000.00,133.12,23901.74,3181800.00,在售,办公
2406,471.38,15000.00,299.60,23600.46,7070700.00,在售,办公
505,202.42,15000.00,133.12,22808.74,3036300.00,在售,办公
605,212.12,15000.00,133.12,23901.74,3181800.00,在售,办公
705,212.12,15000.00,133.12,23901.74,3181800.00,在售,办公
805,212.12,15000.00,133.12,23901.74,3181800.00,在售,办公
905,212.12,15000.00,133.12,23901.74,3181800.00,在售,办公
1005,212.12,15000.00,133.12,23901.74,3181800.00,在售,办公
1105,212.12,15000.00,133.12,23901.74,3181800.00,在售,办公
1305,212.12,15000.00,133.12,23901.74,3181800.00,在售,办公
1405,212.12,15000.00,133.12,23901.74,3181800.00,在售,办公
1505,212.12,15000.00,133.12,23901.74,3181800.00,在售,办公
1605,212.12,15000.00,133.12,23901.74,3181800.00,在售,办公
1705,212.12,15000.00,133.12,23901.74,3181800.00,在售,办公
1805,212.12,15000.00,133.12,23901.74,3181800.00,在售,办公
1905,212.83,15000.00,133.12,23981.74,3192450.00,在售,办公
2005,212.12,15000.00,133.12,23901.74,3181800.00,在售,办公
2105,212.83,15000.00,133.12,23981.74,3192450.00,在售,办公
2205,212.12,15000.00,133.12,23901.74,3181800.00,在售,办公
2305,212.12,15000.00,133.12,23901.74,3181800.00,在售,办公
2405,209.45,15000.00,133.12,23600.88,3141750.00,在售,办公
504,455.57,15000.00,299.60,22808.91,6833550.00,在售,办公
604,212.12,15000.00,133.12,23901.74,3181800.00,在售,办公
704,477.39,15000.00,299.60,23901.36,7160850.00,在售,办公
804,212.12,15000.00,133.12,23901.74,3181800.00,在售,办公
904,477.39,15000.00,299.60,23901.36,7160850.00,在售,办公
1004,212.12,15000.00,133.12,23901.74,3181800.00,在售,办公
1104,477.39,15000.00,299.60,23901.36,7160850.00,在售,办公
1304,477.39,15000.00,299.60,23901.36,7160850.00,在售,办公
1404,212.12,15000.00,133.12,23901.74,3181800.00,在售,办公
1504,477.39,15000.00,299.60,23901.36,7160850.00,在售,办公
1604,212.12,15000.00,133.12,23901.74,3181800.00,在售,办公
1704,477.39,15000.00,299.60,23901.36,7160850.00,在售,办公
1804,212.12,15000.00,133.12,23901.74,3181800.00,在售,办公
1904,456.61,15000.00,285.60,23981.61,6849150.00,在售,办公
2004,212.12,15000.00,133.12,23901.74,3181800.00,在售,办公
2104,456.61,15000.00,285.60,23981.61,6849150.00,在售,办公
2204,212.12,15000.00,133.12,23901.74,3181800.00,在售,办公
2304,477.39,15000.00,299.60,23901.36,7160850.00,在售,办公
2404,209.45,15000.00,133.12,23600.88,3141750.00,在售,办公
503,183.45,15000.00,120.64,22809.59,2751750.00,在售,办公
603,192.23,15000.00,120.64,23901.27,2883450.00,在售,办公
703,192.23,15000.00,120.64,23901.27,2883450.00,在售,办公
803,192.23,15000.00,120.64,23901.27,2883450.00,在售,办公
903,192.23,15000.00,120.64,23901.27,2883450.00,在售,办公
1003,192.23,15000.00,120.64,23901.27,2883450.00,在售,办公
1103,192.23,15000.00,120.64,23901.27,2883450.00,在售,办公
1303,192.23,15000.00,120.64,23901.27,2883450.00,在售,办公
1403,192.23,15000.00,120.64,23901.27,2883450.00,在售,办公
1503,192.23,15000.00,120.64,23901.27,2883450.00,在售,办公
1603,192.23,15000.00,120.64,23901.27,2883450.00,在售,办公
1703,192.23,15000.00,120.64,23901.27,2883450.00,在售,办公
1803,192.23,15000.00,120.64,23901.27,2883450.00,在售,办公
1903,192.86,15000.00,120.63,23981.59,2892900.00,在售,办公
2003,192.23,15000.00,120.64,23901.27,2883450.00,在售,办公
2103,192.86,15000.00,120.63,23981.59,2892900.00,在售,办公
2203,192.23,15000.00,120.64,23901.27,2883450.00,在售,办公
2303,192.23,15000.00,120.64,23901.27,2883450.00,在售,办公
2403,189.81,15000.00,120.64,23600.38,2847150.00,在售,办公
502,196.10,15000.00,128.96,22809.39,2941500.00,在售,办公
602,205.49,15000.00,128.96,23901.59,3082350.00,在售,办公
702,205.49,15000.00,128.96,23901.59,3082350.00,在售,办公
802,205.49,15000.00,128.96,23901.59,3082350.00,在售,办公
902,205.49,15000.00,128.96,23901.59,3082350.00,在售,办公
1002,205.49,15000.00,128.96,23901.59,3082350.00,在售,办公
1102,205.49,15000.00,128.96,23901.59,3082350.00,在售,办公
1302,205.49,15000.00,128.96,23901.59,3082350.00,在售,办公
1402,205.49,15000.00,128.96,23901.59,3082350.00,在售,办公
1502,205.49,15000.00,128.96,23901.59,3082350.00,在售,办公
1602,205.49,15000.00,128.96,23901.59,3082350.00,在售,办公
1702,205.49,15000.00,128.96,23901.59,3082350.00,在售,办公
1802,205.49,15000.00,128.96,23901.59,3082350.00,在售,办公
1902,206.17,15000.00,128.96,23980.69,3092550.00,在售,办公
2002,205.49,15000.00,128.96,23901.59,3082350.00,在售,办公
2102,206.17,15000.00,128.96,23980.69,3092550.00,在售,办公
2202,205.49,15000.00,128.96,23901.59,3082350.00,在售,办公
2302,205.49,15000.00,128.96,23901.59,3082350.00,在售,办公
2402,202.90,15000.00,128.96,23600.34,3043500.00,在售,办公
501,379.54,15000.00,249.60,22808.89,5693100.00,在售,办公
601,397.72,15000.00,249.60,23901.44,5965800.00,在售,办公
701,397.72,15000.00,249.60,23901.44,5965800.00,在售,办公
801,397.72,15000.00,249.60,23901.44,5965800.00,在售,办公
901,397.72,15000.00,249.60,23901.44,5965800.00,在售,办公
1001,397.72,15000.00,249.60,23901.44,5965800.00,在售,办公
1101,397.72,15000.00,249.60,23901.44,5965800.00,在售,办公
1301,397.72,15000.00,249.60,23901.44,5965800.00,在售,办公
1401,397.72,15000.00,249.60,23901.44,5965800.00,在售,办公
1501,397.72,15000.00,249.60,23901.44,5965800.00,在售,办公
1601,397.72,15000.00,249.60,23901.44,5965800.00,在售,办公
1701,397.72,15000.00,249.60,23901.44,5965800.00,在售,办公
1801,397.72,15000.00,249.60,23901.44,5965800.00,在售,办公
1901,399.06,15000.00,249.60,23981.97,5985900.00,在售,办公
2001,397.72,15000.00,249.60,23901.44,5965800.00,在售,办公
2101,399.06,15000.00,249.60,23981.97,5985900.00,在售,办公
2201,397.72,15000.00,249.60,23901.44,5965800.00,在售,办公
2301,397.72,15000.00,249.60,23901.44,5965800.00,在售,办公
2401,392.71,15000.00,249.60,23600.36,5890650.00,在售,办公
B/B6k,77.06,22160.00,55.55,30740.00,1707649.00,在售,商务公寓
B/B7k,77.06,22168.45,55.55,30752.00,1708300.00,在售,商务公寓
B/B8k,77.06,22176.91,55.55,30764.00,1708952.00,在售,商务公寓
B/B9k,77.06,22185.34,55.55,30775.00,1709602.00,在售,商务公寓
B/B10k,77.06,22193.80,55.55,30787.00,1710254.00,在售,商务公寓
B/B11k,77.06,22202.24,55.55,30799.00,1710904.00,在售,商务公寓
B/B12k,77.06,22219.15,55.55,30822.00,1712207.00,在售,商务公寓
B/B13k,77.06,22236.05,55.55,30846.00,1713510.00,在售,商务公寓
B/B14k,77.06,22252.95,55.55,30869.00,1714812.00,在售,商务公寓
B/B15k,77.06,22269.85,55.55,30893.00,1716114.00,在售,商务公寓
B/B16k,77.06,22286.74,55.55,30916.00,1717416.00,在售,商务公寓
B/B17k,77.06,30000.00,55.55,41616.00,2311800.00,在售,商务公寓
B/B18k,77.06,22320.55,55.55,30963.00,1720021.00,在售,商务公寓
B/B19k,77.06,22337.44,55.55,30986.00,1721323.00,在售,商务公寓
B/B20k,77.06,22354.34,55.55,31010.00,1722625.00,在售,商务公寓
B/B21k,77.06,22371.25,55.55,31033.00,1723928.00,在售,商务公寓
B/B22k,77.06,22388.16,55.55,31057.00,1725231.00,在售,商务公寓
B/B23k,77.06,22396.59,55.55,31068.00,1725881.00,在售,商务公寓
B/B24k,77.06,28434.63,55.55,39445.00,2191172.00,在售,商务公寓
B/B25k,77.06,22413.49,55.55,31092.00,1727183.00,在售,商务公寓
B/B26k,77.06,22421.95,55.55,31104.00,1727835.00,在售,商务公寓
B/B27k,77.06,22430.40,55.55,31115.00,1728486.00,在售,商务公寓
B/B28k,77.47,22679.25,55.55,31628.00,1756961.00,在售,商务公寓
B/B7j,30.26,21796.07,21.82,30226.00,659549.00,在售,商务公寓
B/B8j,30.26,21804.37,21.82,30238.00,659800.00,在售,商务公寓
B/B9j,30.26,21812.70,21.82,30249.00,660052.00,在售,商务公寓
B/B10j,30.26,21820.99,21.82,30261.00,660303.00,在售,商务公寓
B/B11j,30.26,21829.32,21.82,30272.00,660555.00,在售,商务公寓
B/B12j,30.26,21845.97,21.82,30296.00,661059.00,在售,商务公寓
B/B13j,30.26,21862.60,21.82,30319.00,661562.00,在售,商务公寓
B/B14j,30.26,21879.22,21.82,30342.00,662065.00,在售,商务公寓
B/B15j,30.26,21895.87,21.82,30365.00,662569.00,在售,商务公寓
B/B16j,30.26,21912.50,21.82,30388.00,663072.00,在售,商务公寓
B/B17j,30.26,21929.12,21.82,30411.00,663575.00,在售,商务公寓
B/B18j,30.26,21945.75,21.82,30434.00,664078.00,在售,商务公寓
B/B19j,30.26,28550.70,21.82,39594.00,863944.00,在售,商务公寓
B/B20j,30.26,21979.05,21.82,30480.00,665086.00,在售,商务公寓
B/B21j,30.26,21995.65,21.82,30503.00,665588.00,在售,商务公寓
B/B22j,30.26,22012.30,21.82,30526.00,666092.00,在售,商务公寓
B/B23j,30.26,22020.63,21.82,30538.00,666344.00,在售,商务公寓
B/B24j,30.26,22028.94,21.82,30549.00,666595.00,在售,商务公寓
B/B25j,30.26,22037.26,21.82,30561.00,666847.00,在售,商务公寓
B/B26j,30.26,22045.55,21.82,30572.00,667098.00,在售,商务公寓
B/B27j,30.26,22053.87,21.82,30584.00,667350.00,在售,商务公寓
B/B28j,30.42,22298.95,21.82,31087.00,678334.00,在售,商务公寓
B/B6h,45.08,21787.77,32.50,30221.00,982192.00,在售,商务公寓
B/B7h,45.08,21796.08,32.50,30232.00,982567.00,在售,商务公寓
B/B8h,45.08,21804.38,32.50,30244.00,982941.00,在售,商务公寓
B/B9h,45.08,21812.70,32.50,30255.00,983316.00,在售,商务公寓
B/B10h,45.08,21821.03,32.50,30267.00,983692.00,在售,商务公寓
B/B11h,45.08,21829.35,32.50,30278.00,984067.00,在售,商务公寓
B/B12h,45.08,21845.97,32.50,30302.00,984816.00,在售,商务公寓
B/B13h,45.08,21862.60,32.50,30325.00,985566.00,在售,商务公寓
B/B14h,45.08,21879.25,32.50,30348.00,986316.00,在售,商务公寓
B/B15h,45.08,21895.88,32.50,30371.00,987066.00,在售,商务公寓
B/B16h,45.08,21912.52,32.50,30394.00,987816.00,在售,商务公寓
B/B17h,45.08,21929.15,32.50,30417.00,988566.00,在售,商务公寓
B/B18h,45.08,21945.79,32.50,30440.00,989316.00,在售,商务公寓
B/B19h,45.08,28550.70,32.50,39602.00,1287065.00,在售,商务公寓
B/B20h,45.08,21979.05,32.50,30486.00,990815.00,在售,商务公寓
B/B21h,45.08,21995.70,32.50,30509.00,991566.00,在售,商务公寓
B/B22h,45.08,22012.32,32.50,30532.00,992315.00,在售,商务公寓
B/B23h,45.08,22020.66,32.50,30544.00,992691.00,在售,商务公寓
B/B24h,45.08,22028.95,32.50,30555.00,993065.00,在售,商务公寓
B/B25h,45.08,22037.29,32.50,30567.00,993441.00,在售,商务公寓
B/B26h,45.08,22045.60,32.50,30578.00,993815.00,在售,商务公寓
B/B27h,45.08,22053.91,32.50,30590.00,994190.00,在售,商务公寓
B/B28h,45.32,22298.97,32.50,31095.00,1010589.00,在售,商务公寓
B/B6g,31.43,23431.57,22.66,32500.00,736454.00,在售,商务公寓
B/B7g,31.43,29283.71,22.66,40617.00,920387.00,在售,商务公寓
B/B8g,31.43,23448.44,22.66,32523.00,736984.00,在售,商务公寓
B/B9g,31.43,23456.93,22.66,32535.00,737251.00,在售,商务公寓
B/B10g,31.43,23465.36,22.66,32547.00,737516.00,在售,商务公寓
B/B11g,31.43,23473.79,22.66,32558.00,737781.00,在售,商务公寓
B/B12g,31.43,23490.71,22.66,32582.00,738313.00,在售,商务公寓
B/B13g,31.43,23507.62,22.66,32605.00,738844.00,在售,商务公寓
B/B14g,31.43,23524.50,22.66,32629.00,739375.00,在售,商务公寓
B/B15g,31.43,23541.43,22.66,32652.00,739907.00,在售,商务公寓
B/B16g,31.43,23558.29,22.66,32675.00,740437.00,在售,商务公寓
B/B17g,31.43,23575.22,22.66,32699.00,740969.00,在售,商务公寓
B/B18g,31.43,23592.12,22.66,32722.00,741500.00,在售,商务公寓
B/B19g,31.43,23609.01,22.66,32746.00,742031.00,在售,商务公寓
B/B20g,31.43,23625.91,22.66,32769.00,742562.00,在售,商务公寓
B/B21g,31.43,23642.80,22.66,32793.00,743093.00,在售,商务公寓
B/B22g,31.43,23659.73,22.66,32816.00,743625.00,在售,商务公寓
B/B23g,31.43,23668.16,22.66,32828.00,743890.00,在售,商务公寓
B/B24g,31.43,23676.62,22.66,32840.00,744156.00,在售,商务公寓
B/B25g,31.43,23684.00,22.66,32851.00,744403.00,在售,商务公寓
B/B26g,31.43,23693.51,22.66,32863.00,744687.00,在售,商务公寓
B/B27g,31.43,23701.95,22.66,32875.00,744952.00,在售,商务公寓
B/B28g,31.60,23943.90,22.66,33390.00,756627.00,在售,商务公寓
B/B6f,54.04,23298.89,38.96,32317.00,1259072.00,在售,商务公寓
B/B7f,54.04,23307.33,38.96,32328.00,1259528.00,在售,商务公寓
B/B8f,54.04,23315.79,38.96,32340.00,1259985.00,在售,商务公寓
B/B9f,54.04,23324.25,38.96,32352.00,1260442.00,在售,商务公寓
B/B10f,54.04,23332.68,38.96,32363.00,1260898.00,在售,商务公寓
B/B11f,54.04,23341.14,38.96,32375.00,1261355.00,在售,商务公寓
B/B12f,54.04,23358.05,38.96,32399.00,1262269.00,在售,商务公寓
B/B13f,54.04,23374.93,38.96,32422.00,1263181.00,在售,商务公寓
B/B14f,54.04,23391.84,38.96,32445.00,1264095.00,在售,商务公寓
B/B15f,54.04,23408.74,38.96,32469.00,1265008.00,在售,商务公寓
B/B16f,54.04,23425.65,38.96,32492.00,1265922.00,在售,商务公寓
B/B17f,54.04,23442.55,38.96,32516.00,1266835.00,在售,商务公寓
B/B18f,54.04,23459.44,38.96,32539.00,1267748.00,在售,商务公寓
B/B19f,54.04,23476.34,38.96,32563.00,1268661.00,在售,商务公寓
B/B20f,54.04,23493.24,38.96,32586.00,1269574.00,在售,商务公寓
B/B21f,54.04,23510.15,38.96,32610.00,1270488.00,在售,商务公寓
B/B22f,54.04,23527.04,38.96,32633.00,1271401.00,在售,商务公寓
B/B23f,54.04,23535.50,38.96,32645.00,1271858.00,在售,商务公寓
B/B24f,54.04,23543.94,38.96,32656.00,1272314.00,在售,商务公寓
B/B25f,54.04,23552.39,38.96,32668.00,1272771.00,在售,商务公寓
B/B26f,54.04,23560.83,38.96,32680.00,1273227.00,在售,商务公寓
B/B27f,54.04,23569.31,38.96,32692.00,1273685.00,在售,商务公寓
B/B28f,54.33,23816.11,38.96,33211.00,1293929.00,在售,商务公寓
B/B6e,69.49,21059.86,50.10,29210.00,1463449.00,在售,商务公寓
B/B7e,69.49,21068.17,50.10,29222.00,1464027.00,在售,商务公寓
B/B8e,69.49,21076.49,50.10,29233.00,1464605.00,在售,商务公寓
B/B9e,69.49,21084.80,50.10,29245.00,1465182.00,在售,商务公寓
B/B10e,69.49,27125.47,50.10,37623.00,1884948.00,在售,商务公寓
B/B11e,69.43,21101.43,50.05,29272.00,1465072.00,在售,商务公寓
B/B12e,69.43,21118.08,50.05,29295.00,1466228.00,在售,商务公寓
B/B13e,69.43,21134.72,50.05,29318.00,1467383.00,在售,商务公寓
B/B14e,69.43,21151.35,50.05,29341.00,1468538.00,在售,商务公寓
B/B15e,69.43,21167.97,50.05,29364.00,1469692.00,在售,商务公寓
B/B16e,69.43,21184.61,50.05,29387.00,1470847.00,在售,商务公寓
B/B17e,69.43,21201.24,50.05,29410.00,1472002.00,在售,商务公寓
B/B18e,69.43,21217.88,50.05,29433.00,1473157.00,在售,商务公寓
B/B19e,69.43,21234.51,50.05,29456.00,1474312.00,在售,商务公寓
B/B20e,69.43,21251.15,50.05,29479.00,1475467.00,在售,商务公寓
B/B21e,69.43,21267.79,50.05,29502.00,1476622.00,在售,商务公寓
B/B22e,69.43,21284.42,50.05,29526.00,1477777.00,在售,商务公寓
B/B23e,69.43,21292.73,50.05,29537.00,1478354.00,在售,商务公寓
B/B24e,69.43,21301.06,50.05,29549.00,1478932.00,在售,商务公寓
B/B25e,69.43,21309.37,50.05,29560.00,1479509.00,在售,商务公寓
B/B26e,69.43,21317.69,50.05,29572.00,1480087.00,在售,商务公寓
B/B27e,69.43,21326.00,50.05,29583.00,1480664.00,在售,商务公寓
B/B28e,69.80,21572.31,50.05,30084.00,1505747.00,在售,商务公寓
B/B6d,36.34,21059.86,26.20,29210.00,765315.00,在售,商务公寓
B/B7d,36.34,21068.19,26.20,29222.00,765618.00,在售,商务公寓
B/B8d,36.34,21076.50,26.20,29233.00,765920.00,在售,商务公寓
B/B9d,36.34,21084.82,26.20,29245.00,766222.00,在售,商务公寓
B/B10d,36.34,27125.00,26.20,37623.00,985722.00,在售,商务公寓
B/B11d,36.40,21101.46,26.24,29271.00,768093.00,在售,商务公寓
B/B12d,36.40,21118.08,26.24,29294.00,768698.00,在售,商务公寓
B/B13d,36.40,21134.00,26.24,29317.00,769278.00,在售,商务公寓
B/B14d,36.40,21151.36,26.24,29341.00,769909.00,在售,商务公寓
B/B15d,36.40,21168.00,26.24,29364.00,770515.00,在售,商务公寓
B/B16d,36.40,21184.62,26.24,29387.00,771120.00,在售,商务公寓
B/B17d,36.40,21201.26,26.24,29410.00,771725.00,在售,商务公寓
B/B18d,36.40,21217.89,26.24,29433.00,772331.00,在售,商务公寓
B/B19d,36.40,21234.54,26.24,29456.00,772937.00,在售,商务公寓
B/B20d,36.40,21251.16,26.24,29479.00,773542.00,在售,商务公寓
B/B21d,36.40,21267.81,26.24,29502.00,774148.00,在售,商务公寓
B/B22d,36.40,21284.46,26.24,29525.00,774754.00,在售,商务公寓
B/B23d,36.40,21292.75,26.24,29537.00,775056.00,在售,商务公寓
B/B24d,36.40,21301.05,26.24,29548.00,775358.00,在售,商务公寓
B/B25d,36.40,21309.40,26.24,29560.00,775662.00,在售,商务公寓
B/B26d,36.40,21317.70,26.24,29571.00,775964.00,在售,商务公寓
B/B27d,36.40,21326.02,26.24,29583.00,776267.00,在售,商务公寓
B/B28d,36.60,21572.33,26.24,30089.00,789547.00,在售,商务公寓
B/B6c,36.34,21208.54,26.20,29416.00,770718.00,在售,商务公寓
B/B7c,36.34,21216.85,26.20,29428.00,771020.00,在售,商务公寓
B/B8c,36.34,21225.16,26.20,29439.00,771322.00,在售,商务公寓
B/B9c,36.34,27291.73,26.20,37854.00,991781.00,在售,商务公寓
B/B10c,36.34,21241.80,26.20,29462.00,771927.00,在售,商务公寓
B/B11c,36.40,21250.12,26.25,29466.00,773504.00,在售,商务公寓
B/B12c,36.40,21266.76,26.25,29489.00,774110.00,在售,商务公寓
B/B13c,36.40,21283.41,26.25,29512.00,774716.00,在售,商务公寓
B/B14c,36.40,21300.03,26.25,29536.00,775321.00,在售,商务公寓
B/B15c,36.40,21316.66,26.25,29559.00,775926.00,在售,商务公寓
B/B16c,36.40,21333.30,26.25,29582.00,776532.00,在售,商务公寓
B/B17c,36.40,21349.95,26.25,29605.00,777138.00,在售,商务公寓
B/B18c,36.40,21366.57,26.25,29628.00,777743.00,在售,商务公寓
B/B19c,36.40,21383.19,26.25,29651.00,778348.00,在售,商务公寓
B/B20c,36.40,21399.84,26.25,29674.00,778954.00,在售,商务公寓
B/B21c,36.40,21416.47,26.25,29697.00,779559.00,在售,商务公寓
B/B22c,36.40,21433.11,26.25,29720.00,780165.00,在售,商务公寓
B/B23c,36.40,21441.41,26.25,29732.00,780467.00,在售,商务公寓
B/B24c,36.40,21449.73,26.25,29743.00,780770.00,在售,商务公寓
B/B25c,36.40,21458.06,26.25,29755.00,781073.00,在售,商务公寓
B/B26c,36.40,21466.38,26.25,29766.00,781376.00,在售,商务公寓
B/B27c,36.40,21474.70,26.25,29778.00,781679.00,在售,商务公寓
B/B28c,36.60,21736.78,26.25,30307.00,795566.00,在售,商务公寓
B/B6b,68.94,21208.55,49.70,29418.00,1462117.00,在售,商务公寓
B/B7b,68.94,21216.87,49.70,29430.00,1462691.00,在售,商务公寓
B/B8b,68.94,21225.19,49.70,29441.00,1463264.00,在售,商务公寓
B/B9b,68.94,27291.00,49.70,37856.00,1881443.00,在售,商务公寓
B/B10b,68.94,21241.82,49.70,29465.00,1464411.00,在售,商务公寓
B/B11b,68.88,21250.14,49.66,29474.00,1463709.00,在售,商务公寓
B/B12b,68.88,21266.77,49.66,29497.00,1464855.00,在售,商务公寓
B/B13b,68.88,21283.41,49.66,29520.00,1466001.00,在售,商务公寓
B/B14b,68.88,21300.03,49.66,29543.00,1467146.00,在售,商务公寓
B/B15b,68.88,21316.69,49.66,29566.00,1468293.00,在售,商务公寓
B/B16b,68.88,21333.31,49.66,29589.00,1469438.00,在售,商务公寓
B/B17b,68.88,21349.95,49.66,29613.00,1470584.00,在售,商务公寓
B/B18b,68.88,21366.59,49.66,29636.00,1471730.00,在售,商务公寓
B/B19b,68.88,21383.22,49.66,29659.00,1472876.00,在售,商务公寓
B/B20b,68.88,21399.85,49.66,29682.00,1474021.00,在售,商务公寓
B/B21b,68.88,21416.48,49.66,29705.00,1475167.00,在售,商务公寓
B/B22b,68.88,21433.12,49.66,29728.00,1476313.00,在售,商务公寓
B/B23b,68.88,21441.44,49.66,29739.00,1476886.00,在售,商务公寓
B/B24b,68.88,21449.76,49.66,29751.00,1477459.00,在售,商务公寓
B/B25b,68.88,21458.06,49.66,29763.00,1478031.00,在售,商务公寓
B/B26b,68.88,21465.00,49.66,29774.00,1478576.00,在售,商务公寓
B/B27b,68.88,21474.70,49.66,29786.00,1479177.00,在售,商务公寓
B/B28b,66.53,21736.80,47.71,30311.00,1446149.00,在售,商务公寓
B/B6a,54.63,30000.00,39.38,41617.00,1638900.00,在售,商务公寓
B/B7a,54.63,22814.71,39.38,31649.00,1246367.00,在售,商务公寓
B/B8a,54.63,22823.18,39.38,31661.00,1246830.00,在售,商务公寓
B/B9a,54.63,22831.62,39.38,31673.00,1247291.00,在售,商务公寓
B/B10a,54.62,22840.30,39.38,31679.00,1247537.00,在售,商务公寓
B/B11a,54.63,22848.51,39.38,31696.00,1248214.00,在售,商务公寓
B/B12a,54.63,22865.41,39.38,31720.00,1249137.00,在售,商务公寓
B/B13a,54.63,22882.32,39.38,31743.00,1250061.00,在售,商务公寓
B/B14a,54.63,22899.22,39.38,31766.00,1250984.00,在售,商务公寓
B/B15a,54.63,22916.11,39.38,31790.00,1251907.00,在售,商务公寓
B/B16a,54.63,22933.01,39.38,31813.00,1252830.00,在售,商务公寓
B/B17a,54.63,22949.92,39.38,31837.00,1253754.00,在售,商务公寓
B/B18a,54.63,22966.82,39.38,31860.00,1254677.00,在售,商务公寓
B/B19a,54.63,22983.71,39.38,31884.00,1255600.00,在售,商务公寓
B/B20a,54.63,23000.61,39.38,31907.00,1256523.00,在售,商务公寓
B/B21a,54.63,23017.50,39.38,31931.00,1257446.00,在售,商务公寓
B/B22a,54.63,23034.42,39.38,31954.00,1258370.00,在售,商务公寓
B/B23a,54.63,23042.86,39.38,31966.00,1258831.00,在售,商务公寓
B/B24a,54.63,23051.32,39.38,31977.00,1259293.00,在售,商务公寓
B/B25a,54.63,23059.77,39.38,31989.00,1259755.00,在售,商务公寓
B/B26a,54.63,23068.21,39.38,32001.00,1260216.00,在售,商务公寓
B/B27a,54.63,23076.67,39.38,32013.00,1260678.00,在售,商务公寓
B/A6k,31.82,23797.05,22.47,33699.00,757222.00,在售,商务公寓
B/A7k,31.82,23805.50,22.47,33711.00,757491.00,在售,商务公寓
B/A8k,31.82,23813.99,22.47,33723.00,757761.00,在售,商务公寓
B/A9k,31.82,23822.41,22.47,33735.00,758029.00,在售,商务公寓
B/A10k,31.82,23830.87,22.47,33747.00,758298.00,在售,商务公寓
B/A11k,31.82,23839.32,22.47,33759.00,758567.00,在售,商务公寓
B/A12k,31.82,23856.23,22.47,33783.00,759105.00,在售,商务公寓
B/A13k,31.82,23873.11,22.47,33806.00,759642.00,在售,商务公寓
B/A14k,31.82,23890.01,22.47,33830.00,760180.00,在售,商务公寓
B/A15k,31.82,23906.92,22.47,33854.00,760718.00,在售,商务公寓
B/A16k,31.82,23923.80,22.47,33878.00,761255.00,在售,商务公寓
B/A17k,31.82,23940.73,22.47,33902.00,761794.00,在售,商务公寓
B/A18k,31.82,23957.61,22.47,33926.00,762331.00,在售,商务公寓
B/A19k,31.82,23974.52,22.47,33950.00,762869.00,在售,商务公寓
B/A20k,31.82,23991.43,22.47,33974.00,763407.00,在售,商务公寓
B/A21k,31.82,24008.30,22.47,33998.00,763944.00,在售,商务公寓
B/A22k,31.82,24025.22,22.47,34022.00,764482.00,在售,商务公寓
B/A23k,31.82,24033.66,22.47,34034.00,764751.00,在售,商务公寓
B/A24k,31.82,24042.12,22.47,34046.00,765020.00,在售,商务公寓
B/A25k,31.82,24050.57,22.47,34058.00,765289.00,在售,商务公寓
B/A26k,31.82,24059.00,22.47,34070.00,765557.00,在售,商务公寓
B/A27k,31.82,24067.48,22.47,34082.00,765827.00,在售,商务公寓
B/A28k,31.82,24320.97,22.47,34441.00,773893.00,在售,商务公寓
B/A6j,53.95,23348.38,38.10,33061.00,1259645.00,在售,商务公寓
B/A7j,53.95,23356.82,38.10,33073.00,1260100.00,在售,商务公寓
B/A8j,53.95,23365.29,38.10,33085.00,1260557.00,在售,商务公寓
B/A9j,53.95,23373.72,38.10,33097.00,1261012.00,在售,商务公寓
B/A10j,53.95,29928.71,38.10,42379.00,1614653.00,在售,商务公寓
B/A11j,53.95,23390.63,38.10,33121.00,1261924.00,在售,商务公寓
B/A12j,53.95,23407.53,38.10,33145.00,1262836.00,在售,商务公寓
B/A13j,53.95,23424.42,38.10,33169.00,1263747.00,在售,商务公寓
B/A14j,53.95,23441.32,38.10,33193.00,1264659.00,在售,商务公寓
B/A15j,53.95,23458.23,38.10,33217.00,1265571.00,在售,商务公寓
B/A16j,53.95,23475.13,38.10,33241.00,1266483.00,在售,商务公寓
B/A17j,53.95,23492.02,38.10,33264.00,1267394.00,在售,商务公寓
B/A18j,53.95,23508.92,38.10,33288.00,1268306.00,在售,商务公寓
B/A19j,53.95,23525.83,38.10,33312.00,1269218.00,在售,商务公寓
B/A20j,53.95,23542.73,38.10,33336.00,1270130.00,在售,商务公寓
B/A21j,53.95,23559.62,38.10,33360.00,1271041.00,在售,商务公寓
B/A22j,53.95,23576.52,38.10,33384.00,1271953.00,在售,商务公寓
B/A23j,53.95,23584.98,38.10,33396.00,1272409.00,在售,商务公寓
B/A24j,53.95,23593.42,38.10,33408.00,1272865.00,在售,商务公寓
B/A25j,53.95,23601.88,38.10,33420.00,1273321.00,在售,商务公寓
B/A26j,53.95,23610.33,38.10,33432.00,1273777.00,在售,商务公寓
B/A27j,53.95,23618.78,38.10,33444.00,1274233.00,在售,商务公寓
B/A28j,53.95,23872.28,38.10,33803.00,1287909.00,在售,商务公寓
B/A6h,71.90,21360.71,50.78,30244.00,1535835.00,在售,商务公寓
B/A7h,71.90,21369.03,50.78,30256.00,1536433.00,在售,商务公寓
B/A8h,71.90,21377.35,50.78,30268.00,1537031.00,在售,商务公寓
B/A9h,71.90,21385.65,50.78,30280.00,1537628.00,在售,商务公寓
B/A10h,71.90,21393.97,50.78,30291.00,1538226.00,在售,商务公寓
B/A11h,71.90,21402.29,50.78,30303.00,1538824.00,在售,商务公寓
B/A12h,71.90,21418.93,50.78,30327.00,1540021.00,在售,商务公寓
B/A13h,71.90,21435.57,50.78,30350.00,1541217.00,在售,商务公寓
B/A14h,71.90,21452.20,50.78,30374.00,1542413.00,在售,商务公寓
B/A15h,71.90,26479.00,50.78,37493.00,1903894.00,在售,商务公寓
B/A16h,71.90,21485.47,50.78,30421.00,1544805.00,在售,商务公寓
B/A17h,71.90,21502.11,50.78,30445.00,1546001.00,在售,商务公寓
B/A18h,71.90,21518.73,50.78,30468.00,1547196.00,在售,商务公寓
B/A19h,71.90,21535.37,50.78,30492.00,1548393.00,在售,商务公寓
B/A20h,71.90,21552.01,50.78,30515.00,1549589.00,在售,商务公寓
B/A21h,71.90,21568.64,50.78,30539.00,1550785.00,在售,商务公寓
B/A22h,71.90,21585.28,50.78,30562.00,1551981.00,在售,商务公寓
B/A23h,71.90,21593.58,50.78,30574.00,1552578.00,在售,商务公寓
B/A24h,71.90,21601.91,50.78,30586.00,1553177.00,在售,商务公寓
B/A25h,71.90,21610.24,50.78,30598.00,1553776.00,在售,商务公寓
B/A26h,71.90,21618.54,50.78,30609.00,1554373.00,在售,商务公寓
B/A27h,71.90,21626.86,50.78,30621.00,1554971.00,在售,商务公寓
B/A28h,71.90,21876.39,50.78,30975.00,1572912.00,在售,商务公寓
B/A6g,37.06,21360.74,26.18,30237.00,791629.00,在售,商务公寓
B/A7g,37.06,21369.03,26.18,30249.00,791936.00,在售,商务公寓
B/A8g,37.06,21377.34,26.18,30261.00,792244.00,在售,商务公寓
B/A9g,37.06,21385.68,26.18,30273.00,792553.00,在售,商务公寓
B/A10g,37.06,21394.01,26.18,30285.00,792862.00,在售,商务公寓
B/A11g,37.06,21402.33,26.18,30296.00,793170.00,在售,商务公寓
B/A12g,37.06,21418.95,26.18,30320.00,793786.00,在售,商务公寓
B/A13g,37.06,21435.58,26.18,30343.00,794402.00,在售,商务公寓
B/A14g,37.06,21452.22,26.18,30367.00,795019.00,在售,商务公寓
B/A15g,37.06,26479.83,26.18,37484.00,981342.00,在售,商务公寓
B/A16g,37.06,21485.49,26.18,30414.00,796252.00,在售,商务公寓
B/A17g,37.06,21502.14,26.18,30438.00,796869.00,在售,商务公寓
B/A18g,37.06,21518.76,26.18,30461.00,797485.00,在售,商务公寓
B/A19g,37.06,21535.41,26.18,30485.00,798102.00,在售,商务公寓
B/A20g,37.06,21552.03,26.18,30508.00,798718.00,在售,商务公寓
B/A21g,37.06,21568.65,26.18,30532.00,799334.00,在售,商务公寓
B/A22g,37.06,21585.30,26.18,30555.00,799951.00,在售,商务公寓
B/A23g,37.06,21593.61,26.18,30567.00,800259.00,在售,商务公寓
B/A24g,37.06,21601.92,26.18,30579.00,800567.00,在售,商务公寓
B/A25g,37.06,21610.23,26.18,30591.00,800875.00,在售,商务公寓
B/A26g,37.06,21618.55,26.18,30602.00,801183.00,在售,商务公寓
B/A27g,37.06,21626.89,26.18,30614.00,801492.00,在售,商务公寓
B/A28g,37.06,21876.39,26.18,30967.00,810739.00,在售,商务公寓
B/A6f,70.98,22546.64,50.13,31924.00,1600360.00,在售,商务公寓
B/A7f,70.98,22555.09,50.13,31936.00,1600960.00,在售,商务公寓
B/A8f,70.98,22563.53,50.13,31948.00,1601559.00,在售,商务公寓
B/A9f,70.98,22571.98,50.13,31960.00,1602159.00,在售,商务公寓
B/A10f,70.98,22580.44,50.13,31972.00,1602759.00,在售,商务公寓
B/A11f,70.98,22588.89,50.13,31984.00,1603359.00,在售,商务公寓
B/A12f,70.98,22605.78,50.13,32007.00,1604558.00,在售,商务公寓
B/A13f,70.98,22622.69,50.13,32031.00,1605758.00,在售,商务公寓
B/A14f,70.98,22639.59,50.13,32055.00,1606958.00,在售,商务公寓
B/A15f,70.98,22656.49,50.13,32079.00,1608157.00,在售,商务公寓
B/A16f,70.98,22673.39,50.13,32103.00,1609357.00,在售,商务公寓
B/A17f,70.98,22690.28,50.13,32127.00,1610556.00,在售,商务公寓
B/A18f,70.98,22707.19,50.13,32151.00,1611756.00,在售,商务公寓
B/A19f,70.98,22724.08,50.13,32175.00,1612955.00,在售,商务公寓
B/A20f,70.98,22740.98,50.13,32199.00,1614154.00,在售,商务公寓
B/A21f,70.98,22757.88,50.13,32223.00,1615354.00,在售,商务公寓
B/A22f,70.98,22774.77,50.13,32247.00,1616553.00,在售,商务公寓
B/A23f,70.98,22783.23,50.13,32259.00,1617153.00,在售,商务公寓
B/A24f,70.98,22791.68,50.13,32271.00,1617753.00,在售,商务公寓
B/A25f,70.98,22800.13,50.13,32283.00,1618353.00,在售,商务公寓
B/A26f,70.98,22808.58,50.13,32295.00,1618953.00,在售,商务公寓
B/A27f,70.98,22817.02,50.13,32307.00,1619552.00,在售,商务公寓
B/A28f,70.98,23070.53,50.13,32665.00,1637546.00,在售,商务公寓
B/A6e,71.62,22405.46,50.58,31725.00,1604679.00,在售,商务公寓
B/A7e,71.62,22413.91,50.58,31737.00,1605284.00,在售,商务公寓
B/A8e,71.62,22422.36,50.58,31749.00,1605889.00,在售,商务公寓
B/A9e,71.62,22430.82,50.58,31761.00,1606495.00,在售,商务公寓
B/A10e,71.62,22439.27,50.58,31773.00,1607100.00,在售,商务公寓
B/A11e,71.62,22447.72,50.58,31785.00,1607705.00,在售,商务公寓
B/A12e,71.62,22464.61,50.58,31809.00,1608915.00,在售,商务公寓
B/A13e,71.62,22481.52,50.58,31833.00,1610126.00,在售,商务公寓
B/A14e,71.62,21000.00,50.58,29735.00,1504020.00,在售,商务公寓
B/A15e,71.62,22515.31,50.58,31881.00,1612546.00,在售,商务公寓
B/A16e,71.62,22532.20,50.58,31905.00,1613756.00,在售,商务公寓
B/A17e,71.62,22549.11,50.58,31928.00,1614967.00,在售,商务公寓
B/A18e,71.62,22566.01,50.58,31952.00,1616177.00,在售,商务公寓
B/A19e,71.62,22582.90,50.58,31976.00,1617387.00,在售,商务公寓
B/A20e,71.62,22599.81,50.58,32000.00,1618598.00,在售,商务公寓
B/A21e,71.62,22616.70,50.58,32024.00,1619808.00,在售,商务公寓
B/A22e,71.62,22633.60,50.58,32048.00,1621018.00,在售,商务公寓
B/A23e,71.62,22642.06,50.58,32060.00,1621624.00,在售,商务公寓
B/A24e,71.62,22650.51,50.58,32072.00,1622229.00,在售,商务公寓
B/A25e,71.62,22658.96,50.58,32084.00,1622834.00,在售,商务公寓
B/A26e,71.62,22667.40,50.58,32096.00,1623439.00,在售,商务公寓
B/A27e,71.62,22675.85,50.58,32108.00,1624044.00,在售,商务公寓
B/A28e,71.62,22929.35,50.58,32467.00,1642200.00,在售,商务公寓
B/A6d,42.05,22137.48,29.70,31342.00,930881.00,在售,商务公寓
B/A7d,42.05,22145.78,29.70,31354.00,931230.00,在售,商务公寓
B/A8d,42.05,22154.11,29.70,31366.00,931580.00,在售,商务公寓
B/A9d,42.05,22162.43,29.70,31378.00,931930.00,在售,商务公寓
B/A10d,42.05,22170.74,29.70,31389.00,932279.00,在售,商务公寓
B/A11d,42.05,22179.05,29.70,31401.00,932629.00,在售,商务公寓
B/A12d,42.05,22195.70,29.70,31425.00,933329.00,在售,商务公寓
B/A13d,42.05,22212.33,29.70,31448.00,934028.00,在售,商务公寓
B/A14d,42.05,22228.95,29.70,31472.00,934727.00,在售,商务公寓
B/A15d,42.05,22245.59,29.70,31495.00,935427.00,在售,商务公寓
B/A16d,42.05,22262.24,29.70,31519.00,936127.00,在售,商务公寓
B/A17d,42.05,22278.86,29.70,31542.00,936826.00,在售,商务公寓
B/A18d,42.05,22295.51,29.70,31566.00,937526.00,在售,商务公寓
B/A19d,42.05,22312.13,29.70,31590.00,938225.00,在售,商务公寓
B/A20d,42.05,22328.78,29.70,31613.00,938925.00,在售,商务公寓
B/A21d,42.05,22345.41,29.70,31637.00,939624.00,在售,商务公寓
B/A22d,42.05,22362.03,29.70,31660.00,940323.00,在售,商务公寓
B/A23d,42.05,22370.37,29.70,31672.00,940674.00,在售,商务公寓
B/A24d,42.05,22378.65,29.70,31684.00,941022.00,在售,商务公寓
B/A25d,42.05,22387.00,29.70,31696.00,941373.00,在售,商务公寓
B/A26d,42.05,22395.30,29.70,31707.00,941722.00,在售,商务公寓
B/A27d,42.05,22403.62,29.70,31719.00,942072.00,在售,商务公寓
B/A28d,42.05,22653.13,29.70,32072.00,952564.00,在售,商务公寓
B/A6c,30.51,22137.50,21.55,31341.00,675415.00,在售,商务公寓
B/A7c,30.51,22145.79,21.55,31353.00,675668.00,在售,商务公寓
B/A8c,30.51,22154.12,21.55,31365.00,675922.00,在售,商务公寓
B/A9c,30.51,22162.45,21.55,31377.00,676176.00,在售,商务公寓
B/A10c,30.51,22170.77,21.55,31388.00,676430.00,在售,商务公寓
B/A11c,30.51,22179.09,21.55,31400.00,676684.00,在售,商务公寓
B/A12c,30.51,22195.71,21.55,31424.00,677191.00,在售,商务公寓
B/A13c,30.51,22212.34,21.55,31447.00,677698.00,在售,商务公寓
B/A14c,30.51,22228.98,21.55,31471.00,678206.00,在售,商务公寓
B/A15c,30.51,22245.61,21.55,31494.00,678713.00,在售,商务公寓
B/A16c,30.51,22262.25,21.55,31518.00,679221.00,在售,商务公寓
B/A17c,30.51,22278.90,21.55,31541.00,679729.00,在售,商务公寓
B/A18c,30.51,22295.51,21.55,31565.00,680236.00,在售,商务公寓
B/A19c,30.51,22312.16,21.55,31589.00,680744.00,在售,商务公寓
B/A20c,30.51,22328.79,21.55,31612.00,681251.00,在售,商务公寓
B/A21c,30.51,22345.43,21.55,31636.00,681759.00,在售,商务公寓
B/A22c,30.51,22362.06,21.55,31659.00,682266.00,在售,商务公寓
B/A23c,30.51,22370.38,21.55,31671.00,682520.00,在售,商务公寓
B/A24c,30.51,22378.70,21.55,31683.00,682774.00,在售,商务公寓
B/A25c,30.51,22387.03,21.55,31695.00,683028.00,在售,商务公寓
B/A26c,30.51,22395.33,21.55,31706.00,683281.00,在售,商务公寓
B/A27c,30.51,22403.64,21.55,31718.00,683535.00,在售,商务公寓
B/A28c,30.51,22653.17,21.55,32071.00,691148.00,在售,商务公寓
B/A6b,30.51,23946.61,21.55,33903.00,730611.00,在售,商务公寓
B/A7b,30.51,23955.04,21.55,33915.00,730868.00,在售,商务公寓
B/A8b,30.51,23963.49,21.55,33926.00,731126.00,在售,商务公寓
B/A9b,30.51,32604.89,21.55,46161.00,994775.00,在售,商务公寓
B/A10b,30.51,32616.02,21.55,46177.00,995114.00,在售,商务公寓
B/A11b,30.51,32626.00,21.55,46192.00,995437.00,在售,商务公寓
B/A12b,30.51,24005.74,21.55,33986.00,732415.00,在售,商务公寓
B/A13b,30.51,24022.62,21.55,34010.00,732930.00,在售,商务公寓
B/A14b,30.51,24039.54,21.55,34034.00,733446.00,在售,商务公寓
B/A15b,30.51,24056.45,21.55,34058.00,733962.00,在售,商务公寓
B/A16b,30.51,24073.33,21.55,34082.00,734477.00,在售,商务公寓
B/A17b,30.51,24090.24,21.55,34106.00,734993.00,在售,商务公寓
B/A18b,30.51,24107.12,21.55,34130.00,735508.00,在售,商务公寓
B/A19b,30.51,24124.06,21.55,34154.00,736025.00,在售,商务公寓
B/A20b,30.51,24140.94,21.55,34178.00,736540.00,在售,商务公寓
B/A21b,30.51,24157.83,21.55,34202.00,737055.00,在售,商务公寓
B/A22b,30.51,24174.73,21.55,34226.00,737571.00,在售,商务公寓
B/A23b,30.51,24183.19,21.55,34238.00,737829.00,在售,商务公寓
B/A24b,30.51,24191.62,21.55,34249.00,738086.00,在售,商务公寓
B/A25b,30.51,24200.10,21.55,34261.00,738345.00,在售,商务公寓
B/A26b,30.51,24208.56,21.55,34273.00,738603.00,在售,商务公寓
B/A27b,30.51,24216.99,21.55,34285.00,738860.00,在售,商务公寓
B/A28b,30.51,24470.51,21.55,34644.00,746595.00,在售,商务公寓
B/A6a,41.04,23805.93,28.98,33712.00,976995.00,在售,商务公寓
B/A7a,41.04,23814.36,28.98,33724.00,977341.00,在售,商务公寓
B/A8a,41.04,23822.81,28.98,33736.00,977688.00,在售,商务公寓
B/A9a,41.04,23831.27,28.98,33748.00,978035.00,在售,商务公寓
B/A10a,41.04,23839.72,28.98,33760.00,978382.00,在售,商务公寓
B/A11a,41.04,23848.18,28.98,33772.00,978729.00,在售,商务公寓
B/A12a,41.04,23865.06,28.98,33796.00,979422.00,在售,商务公寓
B/A13a,41.04,23881.97,28.98,33820.00,980116.00,在售,商务公寓
B/A14a,41.04,23898.86,28.98,33844.00,980809.00,在售,商务公寓
B/A15a,41.04,23915.77,28.98,33868.00,981503.00,在售,商务公寓
B/A16a,41.04,23932.68,28.98,33892.00,982197.00,在售,商务公寓
B/A17a,41.04,23949.57,28.98,33916.00,982890.00,在售,商务公寓
B/A18a,41.04,23966.46,28.98,33940.00,983583.00,在售,商务公寓
B/A19a,41.04,23983.36,28.98,33964.00,984277.00,在售,商务公寓
B/A20a,41.04,24000.27,28.98,33987.00,984971.00,在售,商务公寓
B/A21a,41.04,24017.18,28.98,34011.00,985665.00,在售,商务公寓
B/A22a,41.04,24034.07,28.98,34035.00,986358.00,在售,商务公寓
B/A23a,41.04,24042.52,28.98,34047.00,986705.00,在售,商务公寓
B/A24a,41.04,24050.96,28.98,34059.00,987051.00,在售,商务公寓
B/A25a,41.04,24059.43,28.98,34071.00,987399.00,在售,商务公寓
B/A26a,41.04,31224.09,28.98,44217.00,1281436.00,在售,商务公寓
B/A27a,41.04,23000.00,28.98,32571.00,943920.00,在售,商务公寓
B/A28a,41.04,24329.81,28.98,34454.00,998495.00,在售,商务公寓
A/B6m,29.01,21465.40,20.50,30376.16,622711.46,在售,商务公寓
A/B7m,29.01,21474.99,20.50,30389.74,622989.70,在售,商务公寓
A/B8m,29.01,21484.62,20.50,30403.36,623268.88,在售,商务公寓
A/B9m,29.01,21494.24,20.50,30416.97,623548.06,在售,商务公寓
A/B10m,29.01,21503.83,20.50,30430.55,623826.30,在售,商务公寓
A/B11m,29.01,21513.46,20.50,30444.16,624105.48,在售,商务公寓
A/B12m,29.01,21532.67,20.50,30471.36,624662.90,在售,商务公寓
A/B13m,29.01,21551.88,20.50,30498.55,625220.32,在售,商务公寓
A/B14m,29.01,21571.10,20.50,30525.74,625777.74,在售,商务公寓
A/B15m,29.01,21590.35,20.50,30552.98,626336.10,在售,商务公寓
A/B16m,29.01,21609.53,20.50,30580.12,626892.58,在售,商务公寓
A/B17m,29.01,21628.78,20.50,30607.36,627450.94,在售,商务公寓
A/B18m,29.01,21647.99,20.50,30634.55,628008.36,在售,商务公寓
A/B19m,29.01,21667.21,20.50,30661.74,628565.78,在售,商务公寓
A/B20m,29.01,21686.45,20.50,30688.98,629124.14,在售,商务公寓
A/B21m,29.01,21705.67,20.50,30716.17,629681.56,在售,商务公寓
A/B22m,29.01,21724.88,20.50,30743.36,630238.98,在售,商务公寓
A/B23m,29.01,21734.47,20.50,30756.93,630517.22,在售,商务公寓
A/B24m,29.01,21744.10,20.50,30770.55,630796.40,在售,商务公寓
A/B25m,29.01,21753.69,20.50,30784.12,631074.64,在售,商务公寓
A/B26m,29.01,21763.31,20.50,30797.74,631353.82,在售,商务公寓
A/B27m,29.01,21772.94,20.50,30811.36,631633.00,在售,商务公寓
A/B28m,29.01,22061.22,20.50,31219.32,639996.18,在售,商务公寓
A/B6l,28.62,24530.95,20.23,34704.69,702076.00,在售,商务公寓
A/B7l,28.62,24541.29,20.23,34719.32,702372.00,在售,商务公寓
A/B8l,28.62,24551.64,20.23,34733.95,702668.00,在售,商务公寓
A/B9l,28.62,24561.98,20.23,34748.59,702964.00,在售,商务公寓
A/B10l,28.62,24572.32,20.23,34763.22,703260.00,在售,商务公寓
A/B11l,28.62,24582.66,20.23,34777.85,703556.00,在售,商务公寓
A/B12l,28.62,24603.35,20.23,34807.11,704148.00,在售,商务公寓
A/B13l,28.62,24624.03,20.23,34836.38,704740.00,在售,商务公寓
A/B14l,28.62,24644.72,20.23,34865.64,705332.00,在售,商务公寓
A/B15l,28.62,24665.40,20.23,34894.90,705924.00,在售,商务公寓
A/B16l,28.62,24686.05,20.23,34924.12,706515.00,在售,商务公寓
A/B17l,28.62,24706.74,20.23,34953.38,707107.00,在售,商务公寓
A/B18l,28.62,24727.42,20.23,34982.64,707699.00,在售,商务公寓
A/B19l,28.62,24748.11,20.23,35011.91,708291.00,在售,商务公寓
A/B20l,28.62,24768.79,20.23,35041.17,708883.00,在售,商务公寓
A/B21l,28.62,24789.48,20.23,35070.43,709475.00,在售,商务公寓
A/B22l,28.62,24810.16,20.23,35099.70,710067.00,在售,商务公寓
A/B23l,28.62,24820.51,20.23,35114.33,710363.00,在售,商务公寓
A/B24l,28.62,24830.85,20.23,35128.96,710659.00,在售,商务公寓
A/B25l,28.62,24841.19,20.23,35143.59,710955.00,在售,商务公寓
A/B26l,28.62,24851.53,20.23,35158.23,711251.00,在售,商务公寓
A/B27l,28.62,24861.87,20.23,35172.86,711547.00,在售,商务公寓
A/B28l,28.62,25172.11,20.23,35611.76,720426.00,在售,商务公寓
A/B6k,37.47,24137.41,26.48,34155.17,904429.00,在售,商务公寓
A/B7k,37.47,24147.85,26.48,34169.93,904820.00,在售,商务公寓
A/B8k,37.47,24158.28,26.48,34184.70,905211.00,在售,商务公寓
A/B9k,37.47,24168.74,26.48,34199.50,905603.00,在售,商务公寓
A/B10k,37.47,24179.18,26.48,34214.27,905994.00,在售,商务公寓
A/B11k,37.47,24189.61,26.48,34229.04,906385.00,在售,商务公寓
A/B12k,37.47,24210.51,26.48,34258.61,907168.00,在售,商务公寓
A/B13k,37.47,24231.38,26.48,34288.14,907950.00,在售,商务公寓
A/B14k,37.47,24252.28,26.48,34317.71,908733.00,在售,商务公寓
A/B15k,37.47,24273.15,26.48,34347.24,909515.00,在售,商务公寓
A/B16k,37.47,24294.04,26.48,34376.81,910298.00,在售,商务公寓
A/B17k,37.47,24314.91,26.48,34406.34,911080.00,在售,商务公寓
A/B18k,37.47,24335.81,26.48,34435.91,911863.00,在售,商务公寓
A/B19k,37.47,24356.68,26.48,34465.44,912645.00,在售,商务公寓
A/B20k,37.47,24377.58,26.48,34495.01,913428.00,在售,商务公寓
A/B21k,37.47,24398.45,26.48,34524.54,914210.00,在售,商务公寓
A/B22k,37.47,24419.34,26.48,34554.11,914993.00,在售,商务公寓
A/B23k,37.47,24429.78,26.48,34568.88,915384.00,在售,商务公寓
A/B24k,37.47,24440.21,26.48,34583.64,915775.00,在售,商务公寓
A/B25k,37.47,24450.68,26.48,34598.45,916167.00,在售,商务公寓
A/B26k,37.47,24461.11,26.48,34613.21,916558.00,在售,商务公寓
A/B27k,37.47,24471.55,26.48,34627.98,916949.00,在售,商务公寓
A/B28k,37.47,24784.81,26.48,35071.26,928687.00,在售,商务公寓
A/B6j,73.40,19995.95,51.87,28295.79,1467703.00,在售,商务公寓
A/B7j,73.40,20004.91,51.87,28308.48,1468361.00,在售,商务公寓
A/B8j,73.40,20013.86,51.87,28321.14,1469018.00,在售,商务公寓
A/B9j,73.48,20021.63,51.93,28330.25,1471190.00,在售,商务公寓
A/B10j,73.48,20030.59,51.93,28342.92,1471848.00,在售,商务公寓
A/B11j,73.48,20039.54,51.93,28355.59,1472506.00,在售,商务公寓
A/B12j,73.48,20057.45,51.93,28380.93,1473822.00,在售,商务公寓
A/B13j,73.48,20075.36,51.93,28406.27,1475138.00,在售,商务公寓
A/B14j,73.48,20093.27,51.93,28431.61,1476454.00,在售,商务公寓
A/B15j,73.48,20111.18,51.93,28456.96,1477770.00,在售,商务公寓
A/B16j,73.48,20129.09,51.93,28482.30,1479086.00,在售,商务公寓
A/B17j,73.48,20147.00,51.93,28507.64,1480402.00,在售,商务公寓
A/B18j,73.48,20164.91,51.93,28532.98,1481718.00,在售,商务公寓
A/B19j,73.48,20182.82,51.93,28558.32,1483034.00,在售,商务公寓
A/B20j,73.48,20200.74,51.93,28583.68,1484351.00,在售,商务公寓
A/B21j,73.48,20218.65,51.93,28609.03,1485667.00,在售,商务公寓
A/B22j,73.48,20236.56,51.93,28634.37,1486983.00,在售,商务公寓
A/B23j,73.48,20245.52,51.93,28647.04,1487641.00,在售,商务公寓
A/B24j,73.48,20254.47,51.93,28659.71,1488299.00,在售,商务公寓
A/B25j,73.48,20263.43,51.93,28672.38,1488957.00,在售,商务公寓
A/B26j,73.48,20272.38,51.93,28685.05,1489615.00,在售,商务公寓
A/B27j,73.48,20281.34,51.93,28697.72,1490273.00,在售,商务公寓
A/B28j,73.48,20550.00,51.93,29077.87,1510014.00,在售,商务公寓
A/B6h,27.00,22000.59,19.08,31132.91,594016.08,在售,商务公寓
A/B7h,27.00,22009.75,19.08,31145.87,594263.30,在售,商务公寓
A/B8h,27.00,22018.90,19.08,31158.83,594510.52,在售,商务公寓
A/B9h,27.00,22028.06,19.08,31171.78,594757.74,在售,商务公寓
A/B10h,27.00,22037.22,19.08,31184.74,595004.96,在售,商务公寓
A/B11h,27.00,22046.37,19.08,31197.70,595252.18,在售,商务公寓
A/B12h,27.00,22064.68,19.08,31223.61,595746.62,在售,商务公寓
A/B13h,27.00,22083.00,19.08,31249.53,596241.06,在售,商务公寓
A/B14h,27.00,22101.31,19.08,31275.44,596735.50,在售,商务公寓
A/B15h,27.00,22119.59,19.08,31301.31,597229.00,在售,商务公寓
A/B16h,27.00,22137.90,19.08,31327.22,597723.44,在售,商务公寓
A/B17h,27.00,22156.25,19.08,31353.18,598218.82,在售,商务公寓
A/B18h,27.00,22174.53,19.08,31379.05,598712.32,在售,商务公寓
A/B19h,27.00,22192.84,19.08,31404.96,599206.76,在售,商务公寓
A/B20h,27.00,22211.15,19.08,31430.88,599701.20,在售,商务公寓
A/B21h,27.00,22229.43,19.08,31456.74,600194.70,在售,商务公寓
A/B22h,27.00,22247.78,19.08,31482.70,600690.08,在售,商务公寓
A/B23h,27.00,22256.93,19.08,31495.66,600937.30,在售,商务公寓
A/B24h,27.00,22266.09,19.08,31508.62,601184.52,在售,商务公寓
A/B25h,27.00,22275.21,19.08,31521.53,601430.80,在售,商务公寓
A/B26h,27.00,22284.37,19.08,31534.48,601678.02,在售,商务公寓
A/B27h,27.00,22293.52,19.08,31547.44,601925.24,在售,商务公寓
A/B28h,27.00,22568.14,19.08,31936.05,609339.96,在售,商务公寓
A/B6g,41.12,21997.82,29.06,31127.00,904550.72,在售,商务公寓
A/B7g,41.12,22007.68,29.06,31140.94,904955.86,在售,商务公寓
A/B8g,41.12,22017.51,29.06,31154.85,905360.06,在售,商务公寓
A/B9g,41.12,22027.36,29.06,31168.79,905765.20,在售,商务公寓
A/B10g,41.12,22037.19,29.06,31182.70,906169.40,在售,商务公寓
A/B11g,41.12,22047.04,29.06,31196.64,906574.54,在售,商务公寓
A/B12g,41.12,22066.72,29.06,31224.49,907383.88,在售,商务公寓
A/B13g,41.12,22086.41,29.06,31252.34,908193.22,在售,商务公寓
A/B14g,41.12,22106.09,29.06,31280.19,909002.56,在售,商务公寓
A/B15g,41.12,22125.79,29.06,31308.08,909812.84,在售,商务公寓
A/B16g,41.12,22145.48,29.06,31335.93,910622.18,在售,商务公寓
A/B17g,41.12,22165.16,29.06,31363.78,911431.52,在售,商务公寓
A/B18g,41.12,22184.84,29.06,31391.63,912240.86,在售,商务公寓
A/B19g,41.12,22204.52,29.06,31419.48,913050.20,在售,商务公寓
A/B20g,41.12,22224.23,29.06,31447.36,913860.48,在售,商务公寓
A/B21g,41.12,22243.91,29.06,31475.21,914669.82,在售,商务公寓
A/B22g,41.12,22263.59,29.06,31503.06,915479.16,在售,商务公寓
A/B23g,41.12,22273.45,29.06,31517.00,915884.30,在售,商务公寓
A/B24g,41.12,22283.28,29.06,31530.91,916288.50,在售,商务公寓
A/B25g,41.12,22293.11,29.06,31544.82,916692.70,在售,商务公寓
A/B26g,41.12,22302.96,29.06,31558.76,917097.84,在售,商务公寓
A/B27g,41.12,22312.81,29.06,31572.71,917502.98,在售,商务公寓
A/B28g,41.12,22608.09,29.06,31990.53,929644.96,在售,商务公寓
A/B6f,25.24,21997.86,17.84,31122.53,555226.04,在售,商务公寓
A/B7f,25.24,22007.69,17.84,31136.44,555474.20,在售,商务公寓
A/B8f,25.24,22017.56,17.84,31150.40,555723.30,在售,商务公寓
A/B9f,25.24,22027.39,17.84,31164.31,555971.46,在售,商务公寓
A/B10f,25.24,22037.22,17.84,31178.22,556219.62,在售,商务公寓
A/B11f,25.24,22047.09,17.84,31192.19,556468.72,在售,商务公寓
A/B12f,25.24,22066.76,17.84,31220.01,556965.04,在售,商务公寓
A/B13f,25.24,22086.46,17.84,31247.88,557462.30,在售,商务公寓
A/B14f,25.24,22106.12,17.84,31275.70,557958.62,在售,商务公寓
A/B15f,25.24,22125.82,17.84,31303.58,558455.88,在售,商务公寓
A/B16f,25.24,22145.49,17.84,31331.40,558952.20,在售,商务公寓
A/B17f,25.24,22165.19,17.84,31359.27,559449.46,在售,商务公寓
A/B18f,25.24,22184.89,17.84,31387.14,559946.72,在售,商务公寓
A/B19f,25.24,22204.55,17.84,31414.96,560443.04,在售,商务公寓
A/B20f,25.24,22224.25,17.84,31442.84,560940.30,在售,商务公寓
A/B21f,25.24,22243.92,17.84,31470.66,561436.62,在售,商务公寓
A/B22f,25.24,22263.62,17.84,31498.53,561933.88,在售,商务公寓
A/B23f,25.24,22273.45,17.84,31512.44,562182.04,在售,商务公寓
A/B24f,25.24,22283.28,17.84,31526.35,562430.20,在售,商务公寓
A/B25f,25.24,22293.15,17.84,31540.31,562679.30,在售,商务公寓
A/B26f,25.24,22302.98,17.84,31554.22,562927.46,在售,商务公寓
A/B27f,25.24,22312.82,17.84,31568.14,563175.62,在售,商务公寓
A/B28f,25.24,22608.11,17.84,31985.92,570628.88,在售,商务公寓
A/B6e,36.77,19638.84,25.98,27795.23,722120.22,在售,商务公寓
A/B7e,36.77,19648.47,25.98,27808.87,722474.60,在售,商务公寓
A/B8e,36.77,32019.00,25.98,45318.00,1177361.00,在售,商务公寓
A/B9e,36.77,19667.78,25.98,27836.19,723184.30,在售,商务公寓
A/B10e,36.77,19677.44,25.98,27849.86,723539.62,在售,商务公寓
A/B11e,36.77,24362.00,25.98,34480.00,895790.00,在售,商务公寓
A/B12e,36.77,28571.15,25.98,40437.00,1050561.00,在售,商务公寓
A/B13e,36.77,250000.00,25.98,353829.00,9192500.00,在售,商务公寓
A/B14e,36.77,28999.00,25.98,41044.00,1066323.00,在售,商务公寓
A/B15e,36.77,25000.00,25.98,35382.00,919250.00,在售,商务公寓
A/B16e,36.77,19783.56,25.98,28000.06,727441.56,在售,商务公寓
A/B17e,36.77,19802.86,25.98,28027.37,728151.26,在售,商务公寓
A/B18e,36.77,26999.00,25.98,38213.00,992773.00,在售,商务公寓
A/B19e,36.77,19841.46,25.98,28082.01,729570.66,在售,商务公寓
A/B20e,36.77,19860.74,25.98,28109.29,730279.42,在售,商务公寓
A/B21e,36.77,19880.04,25.98,28136.60,730989.12,在售,商务公寓
A/B22e,36.77,19899.34,25.98,28163.92,731698.82,在售,商务公寓
A/B23e,36.77,19909.00,25.98,28177.60,732054.14,在售,商务公寓
A/B24e,36.77,19918.64,25.98,28191.24,732408.52,在售,商务公寓
A/B25e,36.77,19928.28,25.98,28204.88,732762.90,在售,商务公寓
A/B26e,36.77,19937.94,25.98,28218.56,733118.22,在售,商务公寓
A/B27e,36.77,19947.58,25.98,28232.20,733472.60,在售,商务公寓
A/B28e,36.77,20237.04,25.98,28641.88,744116.22,在售,商务公寓
A/B6d,71.86,19638.87,50.79,27785.96,1411249.26,在售,商务公寓
A/B7d,71.86,19648.51,50.79,27799.60,1411942.04,在售,商务公寓
A/B8d,71.86,27533.68,50.79,38955.00,1978570.00,在售,商务公寓
A/B9d,71.86,19667.80,50.79,27826.90,1413328.54,在售,商务公寓
A/B10d,71.86,19677.45,50.79,27840.56,1414022.26,在售,商务公寓
A/B11d,71.86,24362.00,50.79,34468.00,1750653.00,在售,商务公寓
A/B12d,71.86,27587.35,50.79,39031.00,1982426.00,在售,商务公寓
A/B13d,71.86,27608.80,50.79,39062.00,1983968.00,在售,商务公寓
A/B14d,71.86,27629.00,50.79,39092.00,1985482.00,在售,商务公寓
A/B15d,71.86,27651.74,50.79,39122.00,1987054.00,在售,商务公寓
A/B16d,71.86,19783.58,50.79,27990.71,1421648.48,在售,商务公寓
A/B17d,71.86,19802.88,50.79,28018.01,1423034.98,在售,商务公寓
A/B18d,71.86,27716.14,50.79,39214.00,1991681.00,在售,商务公寓
A/B19d,71.86,19841.48,50.79,28072.63,1425808.92,在售,商务公寓
A/B20d,71.86,19860.77,50.79,28099.92,1427195.42,在售,商务公寓
A/B21d,71.86,19880.07,50.79,28127.22,1428581.92,在售,商务公寓
A/B22d,71.86,19899.36,50.79,28154.52,1429968.42,在售,商务公寓
A/B23d,71.86,19909.00,50.79,28168.16,1430661.20,在售,商务公寓
A/B24d,71.86,19918.66,50.79,28181.82,1431354.92,在售,商务公寓
A/B25d,71.86,19928.31,50.79,28195.48,1432048.64,在售,商务公寓
A/B26d,71.86,19937.95,50.79,28209.12,1432741.42,在售,商务公寓
A/B27d,71.86,19947.59,50.79,28222.76,1433434.20,在售,商务公寓
A/B28d,71.86,20237.05,50.79,28632.30,1454234.52,在售,商务公寓
A/B6c,53.91,22688.14,38.10,32102.83,1223118.00,在售,商务公寓
A/B7c,53.91,22698.14,38.10,32116.98,1223657.00,在售,商务公寓
A/B8c,53.91,22708.14,38.10,32131.12,1224196.00,在售,商务公寓
A/B9c,53.91,22718.14,38.10,32145.27,1224735.00,在售,商务公寓
A/B10c,53.91,22728.13,38.10,32159.42,1225274.00,在售,商务公寓
A/B11c,53.91,22738.13,38.10,32173.56,1225813.00,在售,商务公寓
A/B12c,53.91,22758.13,38.10,32201.86,1226891.00,在售,商务公寓
A/B13c,53.91,22778.14,38.10,32230.18,1227970.00,在售,商务公寓
A/B14c,53.91,22798.14,38.10,32258.47,1229048.00,在售,商务公寓
A/B15c,53.91,22818.14,38.10,32286.77,1230126.00,在售,商务公寓
A/B16c,53.91,22838.13,38.10,32315.06,1231204.00,在售,商务公寓
A/B17c,53.91,22858.13,38.10,32343.35,1232282.00,在售,商务公寓
A/B18c,53.91,22878.14,38.10,32371.67,1233361.00,在售,商务公寓
A/B19c,53.91,22898.14,38.10,32399.97,1234439.00,在售,商务公寓
A/B20c,53.91,22918.14,38.10,32428.26,1235517.00,在售,商务公寓
A/B21c,53.91,22938.13,38.10,32456.56,1236595.00,在售,商务公寓
A/B22c,53.91,22958.13,38.10,32484.85,1237673.00,在售,商务公寓
A/B23c,53.91,22968.13,38.10,32499.00,1238212.00,在售,商务公寓
A/B24c,53.91,22978.14,38.10,32513.17,1238752.00,在售,商务公寓
A/B25c,53.91,22988.14,38.10,32527.32,1239291.00,在售,商务公寓
A/B26c,53.91,22998.14,38.10,32541.46,1239830.00,在售,商务公寓
A/B27c,53.91,23008.14,38.10,32555.61,1240369.00,在售,商务公寓
A/B28c,53.91,23308.14,38.10,32980.10,1256542.00,在售,商务公寓
A/B6b,31.79,23645.95,22.47,33453.71,751705.00,在售,商务公寓
A/B7b,31.79,23655.96,22.47,33467.86,752023.00,在售,商务公寓
A/B8b,31.79,23665.93,22.47,33481.97,752340.00,在售,商务公寓
A/B9b,31.79,23675.93,22.47,33496.12,752658.00,在售,商务公寓
A/B10b,31.79,23685.93,22.47,33510.28,752976.00,在售,商务公寓
A/B11b,31.79,23695.94,22.47,33524.43,753294.00,在售,商务公寓
A/B12b,31.79,23715.94,22.47,33552.73,753930.00,在售,商务公寓
A/B13b,31.79,23735.95,22.47,33581.04,754566.00,在售,商务公寓
A/B14b,31.79,23755.96,22.47,33609.34,755202.00,在售,商务公寓
A/B15b,31.79,23775.93,22.47,33637.60,755837.00,在售,商务公寓
A/B16b,31.79,23795.94,22.47,33665.91,756473.00,在售,商务公寓
A/B17b,31.79,23815.94,22.47,33694.21,757109.00,在售,商务公寓
A/B18b,31.79,23835.95,22.47,33722.51,757745.00,在售,商务公寓
A/B19b,31.79,23855.96,22.47,33750.82,758381.00,在售,商务公寓
A/B20b,31.79,23875.93,22.47,33779.08,759016.00,在售,商务公寓
A/B21b,31.79,23895.94,22.47,33807.38,759652.00,在售,商务公寓
A/B22b,31.79,23915.94,22.47,33835.69,760288.00,在售,商务公寓
A/B23b,31.79,23925.95,22.47,33849.84,760606.00,在售,商务公寓
A/B24b,31.79,23935.95,22.47,33863.99,760924.00,在售,商务公寓
A/B25b,31.79,23945.95,22.47,33878.14,761242.00,在售,商务公寓
A/B26b,31.79,23955.96,22.47,33892.30,761560.00,在售,商务公寓
A/B27b,31.79,23965.93,22.47,33906.40,761877.00,在售,商务公寓
A/B28b,31.79,24265.93,22.47,34330.84,771414.00,在售,商务公寓
A/B6a,42.92,21465.37,30.33,30375.66,921294.00,在售,商务公寓
A/B7a,42.92,21474.99,30.33,30389.27,921706.66,在售,商务公寓
A/B8a,42.92,21484.58,30.33,30402.84,922118.38,在售,商务公寓
A/B9a,42.92,21494.19,30.33,30416.45,922531.04,在售,商务公寓
A/B10a,42.92,21503.81,30.33,30430.05,922943.70,在售,商务公寓
A/B11a,42.92,21513.40,30.33,30443.63,923355.42,在售,商务公寓
A/B12a,42.92,21532.63,30.33,30470.84,924180.74,在售,商务公寓
A/B13a,42.92,21551.86,30.33,30498.05,925006.06,在售,商务公寓
A/B14a,42.92,21571.09,30.33,30525.26,925831.38,在售,商务公寓
A/B15a,42.92,21590.30,30.33,30552.44,926655.76,在售,商务公寓
A/B16a,42.92,21609.53,30.33,30579.65,927481.08,在售,商务公寓
A/B17a,42.92,21628.73,30.33,30606.84,928305.46,在售,商务公寓
A/B18a,42.92,21647.96,30.33,30634.05,929130.78,在售,商务公寓
A/B19a,42.92,21667.19,30.33,30661.26,929956.10,在售,商务公寓
A/B20a,42.92,21686.40,30.33,30688.44,930780.48,在售,商务公寓
A/B21a,42.92,21705.63,30.33,30715.65,931605.80,在售,商务公寓
A/B22a,42.92,21724.84,30.33,30742.83,932430.18,在售,商务公寓
A/B23a,42.92,21734.45,30.33,30756.44,932842.84,在售,商务公寓
A/B24a,42.92,21744.07,30.33,30770.04,933255.50,在售,商务公寓
A/B25a,42.92,21753.68,30.33,30783.65,933668.16,在售,商务公寓
A/B26a,42.92,21763.27,30.33,30797.22,934079.88,在售,商务公寓
A/B27a,42.92,21772.91,30.33,30810.86,934493.48,在售,商务公寓
A/B28a,42.92,22061.22,30.33,31218.84,946867.64,在售,商务公寓
A/A6m,31.48,19781.17,22.35,27861.81,622711.46,在售,商务公寓
A/A7m,31.48,19790.01,22.35,27874.25,622989.70,在售,商务公寓
A/A8m,31.48,19798.88,22.35,27886.75,623268.88,在售,商务公寓
A/A9m,31.48,19807.75,22.35,27899.24,623548.06,在售,商务公寓
A/A10m,31.48,19816.59,22.35,27911.69,623826.30,在售,商务公寓
A/A11m,31.48,19825.45,22.35,27924.18,624105.48,在售,商务公寓
A/A12m,31.48,19843.16,22.35,27949.12,624662.90,在售,商务公寓
A/A13m,31.48,19860.87,22.35,27974.06,625220.32,在售,商务公寓
A/A14m,31.48,19878.58,22.35,27999.00,625777.74,在售,商务公寓
A/A15m,31.48,19896.31,22.35,28023.98,626336.10,在售,商务公寓
A/A16m,31.48,19913.99,22.35,28048.88,626892.58,在售,商务公寓
A/A17m,31.48,19931.73,22.35,28073.86,627450.94,在售,商务公寓
A/A18m,31.48,19949.43,22.35,28098.80,628008.36,在售,商务公寓
A/A19m,31.48,19967.14,22.35,28123.74,628565.78,在售,商务公寓
A/A20m,31.48,19984.88,22.35,28148.73,629124.14,在售,商务公寓
A/A21m,31.48,20002.59,22.35,28173.67,629681.56,在售,商务公寓
A/A22m,31.48,20020.29,22.35,28198.61,630238.98,在售,商务公寓
A/A23m,31.48,20029.13,22.35,28211.06,630517.22,在售,商务公寓
A/A24m,31.48,29719.64,22.35,41860.00,935574.00,在售,商务公寓
A/A25m,31.48,20046.84,22.35,28236.00,631074.64,在售,商务公寓
A/A26m,31.48,20055.71,22.35,28248.49,631353.82,在售,商务公寓
A/A27m,31.48,20064.58,22.35,28260.98,631633.00,在售,商务公寓
A/A28m,31.48,20330.24,22.35,28635.17,639996.18,在售,商务公寓
A/A6l,31.09,24968.70,22.08,35157.47,776277.00,在售,商务公寓
A/A7l,31.09,24978.86,22.08,35171.78,776593.00,在售,商务公寓
A/A8l,31.09,32268.35,22.08,45435.00,1003223.00,在售,商务公寓
A/A9l,31.09,24999.19,22.08,35200.40,777225.00,在售,商务公寓
A/A10l,31.09,25009.35,22.08,35214.71,777541.00,在售,商务公寓
A/A11l,31.09,25019.52,22.08,35229.03,777857.00,在售,商务公寓
A/A12l,31.09,25039.85,22.08,35257.65,778489.00,在售,商务公寓
A/A13l,31.09,25060.18,22.08,35286.27,779121.00,在售,商务公寓
A/A14l,31.09,25080.54,22.08,35314.94,779754.00,在售,商务公寓
A/A15l,31.09,25100.86,22.08,35343.56,780386.00,在售,商务公寓
A/A16l,31.09,25121.19,22.08,35372.19,781018.00,在售,商务公寓
A/A17l,31.09,25141.52,22.08,35400.81,781650.00,在售,商务公寓
A/A18l,31.09,25161.85,22.08,35429.43,782282.00,在售,商务公寓
A/A19l,31.09,25182.18,22.08,35458.06,782914.00,在售,商务公寓
A/A20l,31.09,25202.54,22.08,35486.73,783547.00,在售,商务公寓
A/A21l,31.09,25222.86,22.08,35515.35,784179.00,在售,商务公寓
A/A22l,31.09,25243.19,22.08,35543.97,784811.00,在售,商务公寓
A/A23l,31.09,25253.36,22.08,35558.28,785127.00,在售,商务公寓
A/A24l,31.09,25263.52,22.08,35572.59,785443.00,在售,商务公寓
A/A25l,31.09,25273.68,22.08,35586.91,785759.00,在售,商务公寓
A/A26l,31.09,25283.85,22.08,35601.22,786075.00,在售,商务公寓
A/A27l,31.09,25294.01,22.08,35615.53,786391.00,在售,商务公寓
A/A28l,31.09,25599.03,22.08,36045.01,795874.00,在售,商务公寓
A/A6k,36.85,24973.45,26.16,35178.59,920272.00,在售,商务公寓
A/A7k,36.85,24984.17,26.16,35193.69,920667.00,在售,商务公寓
A/A8k,36.85,32449.00,26.16,45710.00,1195773.00,在售,商务公寓
A/A9k,36.85,32462.11,26.16,45727.00,1196228.00,在售,商务公寓
A/A10k,36.85,32473.86,26.16,45743.00,1196661.00,在售,商务公寓
A/A11k,36.85,32485.58,26.16,45760.00,1197093.00,在售,商务公寓
A/A12k,36.85,25048.38,26.16,35284.13,923033.00,在售,商务公寓
A/A13k,36.85,25069.79,26.16,35314.29,923822.00,在售,商务公寓
A/A14k,36.85,25091.20,26.16,35344.45,924611.00,在售,商务公寓
A/A15k,36.85,25112.61,26.16,35374.61,925400.00,在售,商务公寓
A/A16k,36.85,25134.02,26.16,35404.77,926189.00,在售,商务公寓
A/A17k,36.85,25155.44,26.16,35434.93,926978.00,在售,商务公寓
A/A18k,36.85,25176.85,26.16,35465.09,927767.00,在售,商务公寓
A/A19k,36.85,25198.26,26.16,35495.25,928556.00,在售,商务公寓
A/A20k,36.85,25219.64,26.16,35525.38,929344.00,在售,商务公寓
A/A21k,36.85,25241.05,26.16,35555.54,930133.00,在售,商务公寓
A/A22k,36.85,25262.46,26.16,35585.70,930922.00,在售,商务公寓
A/A23k,36.85,25273.18,26.16,35600.80,931317.00,在售,商务公寓
A/A24k,36.85,25283.88,26.16,35615.86,931711.00,在售,商务公寓
A/A25k,36.85,25294.59,26.16,35630.96,932106.00,在售,商务公寓
A/A26k,36.85,25305.29,26.16,35646.02,932500.00,在售,商务公寓
A/A27k,36.85,25315.98,26.16,35661.08,932894.00,在售,商务公寓
A/A28k,36.85,25637.12,26.16,36113.45,944728.00,在售,商务公寓
A/A6j,73.06,20618.90,51.87,29042.16,1506417.00,在售,商务公寓
A/A7j,73.06,24352.00,51.88,34293.00,1779157.00,在售,商务公寓
A/A8j,73.06,20637.17,51.88,29062.29,1507752.00,在售,商务公寓
A/A9j,73.14,20645.11,51.93,29077.29,1509984.00,在售,商务公寓
A/A10j,73.14,20654.26,51.93,29090.17,1510653.00,在售,商务公寓
A/A11j,73.14,20663.39,51.93,29103.04,1511321.00,在售,商务公寓
A/A12j,73.14,20681.67,51.93,29128.78,1512658.00,在售,商务公寓
A/A13j,73.14,20699.95,51.93,29154.53,1513995.00,在售,商务公寓
A/A14j,73.14,20718.23,51.93,29180.28,1515332.00,在售,商务公寓
A/A15j,73.14,20736.50,51.93,29206.00,1516668.00,在售,商务公寓
A/A16j,73.14,20754.78,51.93,29231.75,1518005.00,在售,商务公寓
A/A17j,73.14,20773.06,51.93,29257.50,1519342.00,在售,商务公寓
A/A18j,73.14,24522.00,51.93,34537.00,1793539.00,在售,商务公寓
A/A19j,73.14,20809.62,51.93,29308.99,1522016.00,在售,商务公寓
A/A20j,73.14,20827.90,51.93,29334.73,1523353.00,在售,商务公寓
A/A21j,73.14,20846.18,51.93,29360.48,1524690.00,在售,商务公寓
A/A22j,73.14,20864.45,51.93,29386.21,1526026.00,在售,商务公寓
A/A23j,73.14,20873.59,51.93,29399.09,1526695.00,在售,商务公寓
A/A24j,73.14,20882.73,51.93,29411.95,1527363.00,在售,商务公寓
A/A25j,73.14,20891.87,51.93,29424.84,1528032.00,在售,商务公寓
A/A26j,73.14,20901.01,51.93,29437.70,1528700.00,在售,商务公寓
A/A27j,73.14,20910.15,51.93,29450.58,1529369.00,在售,商务公寓
A/A28j,73.14,21184.31,51.93,29836.72,1549421.00,在售,商务公寓
A/A6h,26.87,22359.89,19.08,31489.01,600810.40,在售,商务公寓
A/A7h,26.87,22369.65,19.08,31502.75,601072.66,在售,商务公寓
A/A8h,26.87,22379.41,19.08,31516.50,601334.92,在售,商务公寓
A/A9h,26.87,22389.17,19.08,31530.25,601597.18,在售,商务公寓
A/A10h,26.87,22398.93,19.08,31543.99,601859.44,在售,商务公寓
A/A11h,26.87,22408.66,19.08,31557.69,602120.76,在售,商务公寓
A/A12h,26.87,22428.21,19.08,31585.23,602646.22,在售,商务公寓
A/A13h,26.87,22447.73,19.08,31612.72,603170.74,在售,商务公寓
A/A14h,26.87,22467.25,19.08,31640.21,603695.26,在售,商务公寓
A/A15h,26.87,22486.78,19.08,31667.70,604219.78,在售,商务公寓
A/A16h,26.87,22506.30,19.08,31695.19,604744.30,在售,商务公寓
A/A17h,26.87,30231.00,19.08,42575.00,812330.00,在售,商务公寓
A/A18h,26.87,22545.30,19.08,31750.12,605792.40,在售,商务公寓
A/A19h,26.87,22564.82,19.08,31777.61,606316.92,在售,商务公寓
A/A20h,26.87,22584.34,19.08,31805.10,606841.44,在售,商务公寓
A/A21h,26.87,22603.90,19.08,31832.64,607366.90,在售,商务公寓
A/A22h,26.87,22623.42,19.08,31860.13,607891.42,在售,商务公寓
A/A23h,26.87,22633.14,19.08,31873.83,608152.74,在售,商务公寓
A/A24h,26.87,22642.94,19.08,31887.62,608415.94,在售,商务公寓
A/A25h,26.87,22652.67,19.08,31901.32,608677.26,在售,商务公寓
A/A26h,26.87,22662.46,19.08,31915.11,608940.46,在售,商务公寓
A/A27h,26.87,22672.19,19.08,31928.81,609201.78,在售,商务公寓
A/A28h,26.87,22965.00,19.08,32341.17,617069.58,在售,商务公寓
A/A6g,40.93,22533.31,29.06,31737.38,922288.52,在售,商务公寓
A/A7g,40.93,22543.28,29.06,31751.42,922696.48,在售,商务公寓
A/A8g,40.93,22553.24,29.06,31765.46,923104.44,在售,商务公寓
A/A9g,40.93,22563.23,29.06,31779.53,923513.34,在售,商务公寓
A/A10g,40.93,29000.00,29.06,40845.00,1186970.00,在售,商务公寓
A/A11g,40.93,22583.21,29.06,31807.67,924331.14,在售,商务公寓
A/A12g,40.93,22603.17,29.06,31835.78,925148.00,在售,商务公寓
A/A13g,40.93,22623.13,29.06,31863.89,925964.86,在售,商务公寓
A/A14g,40.93,22643.09,29.06,31892.00,926781.72,在售,商务公寓
A/A15g,40.93,22663.04,29.06,31920.11,927598.58,在售,商务公寓
A/A16g,40.93,22683.02,29.06,31948.25,928416.38,在售,商务公寓
A/A17g,40.93,30478.90,29.06,42928.00,1247501.00,在售,商务公寓
A/A18g,40.93,22722.94,29.06,32004.47,930050.10,在售,商务公寓
A/A19g,40.93,22742.90,29.06,32032.58,930866.96,在售,商务公寓
A/A20g,40.93,22762.88,29.06,32060.72,931684.76,在售,商务公寓
A/A21g,40.93,22782.83,29.06,32088.83,932501.62,在售,商务公寓
A/A22g,40.93,22802.79,29.06,32116.94,933318.48,在售,商务公寓
A/A23g,40.93,22812.78,29.06,32131.01,933727.38,在售,商务公寓
A/A24g,40.93,22822.75,29.06,32145.05,934135.34,在售,商务公寓
A/A25g,40.93,22832.74,29.06,32159.12,934544.24,在售,商务公寓
A/A26g,40.93,22842.71,29.06,32173.16,934952.20,在售,商务公寓
A/A27g,40.93,22852.70,29.06,32187.23,935361.10,在售,商务公寓
A/A28g,40.93,23152.15,29.06,32609.00,947617.76,在售,商务公寓
A/A6f,25.12,22533.31,17.84,31728.53,566036.98,在售,商务公寓
A/A7f,25.12,22543.31,17.84,31742.59,566287.96,在售,商务公寓
A/A8f,25.12,22553.30,17.84,31756.66,566538.94,在售,商务公寓
A/A9f,25.12,22563.29,17.84,31770.73,566789.92,在售,商务公寓
A/A10f,25.12,29000.00,17.84,40834.00,728480.00,在售,商务公寓
A/A11f,25.12,22583.23,17.84,31798.81,567290.94,在售,商务公寓
A/A12f,25.12,22603.18,17.84,31826.90,567791.96,在售,商务公寓
A/A13f,25.12,22623.16,17.84,31855.04,568293.92,在售,商务公寓
A/A14f,25.12,22643.11,17.84,31883.12,568794.94,在售,商务公寓
A/A15f,25.12,22663.09,17.84,31911.26,569296.90,在售,商务公寓
A/A16f,25.12,22683.07,17.84,31939.39,569798.86,在售,商务公寓
A/A17f,25.12,30478.90,17.84,42916.00,765629.00,在售,商务公寓
A/A18f,25.12,22723.00,17.84,31995.61,570801.84,在售,商务公寓
A/A19f,25.12,22742.94,17.84,32023.70,571302.86,在售,商务公寓
A/A20f,25.12,22762.89,17.84,32051.78,571803.88,在售,商务公寓
A/A21f,25.12,22782.87,17.84,32079.92,572305.84,在售,商务公寓
A/A22f,25.12,22802.82,17.84,32108.00,572806.86,在售,商务公寓
A/A23f,25.12,22812.81,17.84,32122.07,573057.84,在售,商务公寓
A/A24f,25.12,22822.80,17.84,32136.14,573308.82,在售,商务公寓
A/A25f,25.12,22832.79,17.84,32150.21,573559.80,在售,商务公寓
A/A26f,25.12,22842.74,17.84,32164.22,573809.84,在售,商务公寓
A/A27f,25.12,22852.73,17.84,32178.29,574060.82,在售,商务公寓
A/A28f,25.12,23152.17,17.84,32599.92,581582.70,在售,商务公寓
A/A6e,36.59,27716.14,25.98,39035.00,1014133.00,在售,商务公寓
A/A7e,36.59,32268.35,25.98,45446.00,1180698.00,在售,商务公寓
A/A8e,36.59,20154.43,25.98,28385.32,737450.68,在售,商务公寓
A/A9e,36.59,27499.00,25.98,38730.00,1006205.00,在售,商务公寓
A/A10e,36.59,24408.00,25.98,34376.00,893088.00,在售,商务公寓
A/A11e,36.59,24999.00,25.98,35209.00,914729.00,在售,商务公寓
A/A12e,36.59,20202.37,25.98,28452.83,739204.72,在售,商务公寓
A/A13e,36.59,27499.00,25.98,38730.00,1006205.00,在售,商务公寓
A/A14e,36.59,32485.58,25.98,45752.00,1188647.00,在售,商务公寓
A/A15e,36.59,20259.91,25.98,28533.88,741310.32,在售,商务公寓
A/A16e,36.59,20279.08,25.98,28560.87,742011.56,在售,商务公寓
A/A17e,36.59,20298.27,25.98,28587.90,742713.74,在售,商务公寓
A/A18e,36.59,30232.22,25.98,42578.00,1106196.00,在售,商务公寓
A/A19e,36.59,20336.62,25.98,28641.92,744117.16,在售,商务公寓
A/A20e,36.59,20355.79,25.98,28668.91,744818.40,在售,商务公寓
A/A21e,36.59,20374.98,25.98,28695.94,745520.58,在售,商务公寓
A/A22e,36.59,20394.17,25.98,28722.96,746222.76,在售,商务公寓
A/A23e,36.59,20403.75,25.98,28736.46,746573.38,在售,商务公寓
A/A24e,36.59,20413.33,25.98,28749.96,746924.00,在售,商务公寓
A/A25e,36.59,20422.91,25.98,28763.45,747274.62,在售,商务公寓
A/A26e,36.59,20432.50,25.98,28776.95,747625.24,在售,商务公寓
A/A27e,36.59,20442.10,25.98,28790.48,747976.80,在售,商务公寓
A/A28e,36.59,20729.78,25.98,29195.64,758502.92,在售,商务公寓
A/A6d,71.53,27571.77,50.78,38838.00,1972208.00,在售,商务公寓
A/A7d,71.53,27582.44,50.78,38853.00,1972971.00,在售,商务公寓
A/A8d,71.53,20154.43,50.78,28390.05,1441646.98,在售,商务公寓
A/A9d,71.53,27603.77,50.78,38883.00,1974497.00,在售,商务公寓
A/A10d,71.53,24408.00,50.78,34381.00,1745904.00,在售,商务公寓
A/A11d,71.53,27625.11,50.78,38913.00,1976024.00,在售,商务公寓
A/A12d,71.53,20202.39,50.78,28457.60,1445077.04,在售,商务公寓
A/A13d,71.53,27667.77,50.78,38973.00,1979075.00,在售,商务公寓
A/A14d,71.53,27689.11,50.78,39003.00,1980602.00,在售,商务公寓
A/A15d,71.53,20259.92,50.78,28538.64,1449192.36,在售,商务公寓
A/A16d,71.53,20279.11,50.78,28565.67,1450564.76,在售,商务公寓
A/A17d,71.53,20298.29,50.78,28592.69,1451937.16,在售,商务公寓
A/A18d,71.53,27774.44,50.78,39123.00,1986705.00,在售,商务公寓
A/A19d,71.53,20336.64,50.78,28646.71,1454680.08,在售,商务公寓
A/A20d,71.53,20355.82,50.78,28673.73,1456052.48,在售,商务公寓
A/A21d,71.53,20375.00,50.78,28700.74,1457423.94,在售,商务公寓
A/A22d,71.53,20394.17,50.78,28727.75,1458795.40,在售,商务公寓
A/A23d,71.53,20403.75,50.78,28741.24,1459480.66,在售,商务公寓
A/A24d,71.53,20413.36,50.78,28754.78,1460167.80,在售,商务公寓
A/A25d,71.53,20422.95,50.78,28768.29,1460854.00,在售,商务公寓
A/A26d,71.53,20432.53,50.78,28781.78,1461539.26,在售,商务公寓
A/A27d,71.53,20442.12,50.78,28795.30,1462225.46,在售,商务公寓
A/A28d,71.53,20729.80,50.78,29200.53,1482803.00,在售,商务公寓
A/A6c,53.66,23084.47,38.10,32512.15,1238713.00,在售,商务公寓
A/A7c,53.66,23094.68,38.10,32526.53,1239261.00,在售,商务公寓
A/A8c,53.66,23104.88,38.10,32540.89,1239808.00,在售,商务公寓
A/A9c,53.66,23115.09,38.10,32555.27,1240356.00,在售,商务公寓
A/A10c,53.66,23125.30,38.10,32569.65,1240904.00,在售,商务公寓
A/A11c,53.66,23135.51,38.10,32584.04,1241452.00,在售,商务公寓
A/A12c,53.66,23155.92,38.10,32612.78,1242547.00,在售,商务公寓
A/A13c,53.66,23176.35,38.10,32641.54,1243643.00,在售,商务公寓
A/A14c,53.66,23196.77,38.10,32670.31,1244739.00,在售,商务公寓
A/A15c,53.66,23217.18,38.10,32699.05,1245834.00,在售,商务公寓
A/A16c,53.66,23237.60,38.10,32727.82,1246930.00,在售,商务公寓
A/A17c,53.66,23258.01,38.10,32756.56,1248025.00,在售,商务公寓
A/A18c,53.66,23278.43,38.10,32785.32,1249121.00,在售,商务公寓
A/A19c,53.66,23298.84,38.10,32814.06,1250216.00,在售,商务公寓
A/A20c,53.66,23319.26,38.10,32842.83,1251312.00,在售,商务公寓
A/A21c,53.66,23339.69,38.10,32871.60,1252408.00,在售,商务公寓
A/A22c,53.66,23360.10,38.10,32900.34,1253503.00,在售,商务公寓
A/A23c,53.66,23370.31,38.10,32914.72,1254051.00,在售,商务公寓
A/A24c,53.66,23380.52,38.10,32929.10,1254599.00,在售,商务公寓
A/A25c,53.66,23390.73,38.10,32943.49,1255147.00,在售,商务公寓
A/A26c,53.66,23400.93,38.10,32957.84,1255694.00,在售,商务公寓
A/A27c,53.66,23411.14,38.10,32972.23,1256242.00,在售,商务公寓
A/A28c,53.66,23717.40,38.10,33403.56,1272676.00,在售,商务公寓
A/A6b,31.64,24046.20,22.47,33859.45,760822.00,在售,商务公寓
A/A7b,31.64,24056.22,22.47,33873.56,761139.00,在售,商务公寓
A/A8b,31.64,24066.21,22.47,33887.62,761455.00,在售,商务公寓
A/A9b,31.64,24076.23,22.47,33901.73,761772.00,在售,商务公寓
A/A10b,31.64,24086.21,22.47,33915.79,762088.00,在售,商务公寓
A/A11b,31.64,24096.20,22.47,33929.86,762404.00,在售,商务公寓
A/A12b,31.64,24116.21,22.47,33958.03,763037.00,在售,商务公寓
A/A13b,31.64,24136.21,22.47,33986.20,763670.00,在售,商务公寓
A/A14b,31.64,24156.22,22.47,34014.37,764303.00,在售,商务公寓
A/A15b,31.64,24176.23,22.47,34042.54,764936.00,在售,商务公寓
A/A16b,31.64,24196.20,22.47,34070.67,765568.00,在售,商务公寓
A/A17b,31.64,24216.21,22.47,34098.84,766201.00,在售,商务公寓
A/A18b,31.64,24236.21,22.47,34127.01,766834.00,在售,商务公寓
A/A19b,31.64,24256.22,22.47,34155.18,767467.00,在售,商务公寓
A/A20b,31.64,24276.23,22.47,34183.35,768100.00,在售,商务公寓
A/A21b,31.64,24296.20,22.47,34211.48,768732.00,在售,商务公寓
A/A22b,31.64,24316.21,22.47,34239.65,769365.00,在售,商务公寓
A/A23b,31.64,24326.23,22.47,34253.76,769682.00,在售,商务公寓
A/A24b,31.64,24336.21,22.47,34267.82,769998.00,在售,商务公寓
A/A25b,31.64,24346.20,22.47,34281.88,770314.00,在售,商务公寓
A/A26b,31.64,24356.22,22.47,34295.99,770631.00,在售,商务公寓
A/A27b,31.64,24366.21,22.47,34310.05,770947.00,在售,商务公寓
A/A28b,31.64,24666.21,22.47,34732.48,780439.00,在售,商务公寓
A/A6a,42.72,21746.38,30.33,30629.92,929005.76,在售,商务公寓
A/A7a,42.72,21756.07,30.33,30643.56,929419.36,在售,商务公寓
A/A8a,42.72,21765.73,30.33,30657.17,929832.02,在售,商务公寓
A/A9a,42.72,21775.41,30.33,30670.80,930245.62,在售,商务公寓
A/A10a,42.72,21785.07,30.33,30684.41,930658.28,在售,商务公寓
A/A11a,42.72,21794.73,30.33,30698.01,931070.94,在售,商务公寓
A/A12a,42.72,21814.07,30.33,30725.26,931897.20,在售,商务公寓
A/A13a,42.72,21833.41,30.33,30752.50,932723.46,在售,商务公寓
A/A14a,42.72,21852.75,30.33,30779.74,933549.72,在售,商务公寓
A/A15a,42.72,21872.09,30.33,30806.98,934375.98,在售,商务公寓
A/A16a,42.72,21891.43,30.33,30834.23,935202.24,在售,商务公寓
A/A17a,42.72,21910.75,30.33,30861.44,936027.56,在售,商务公寓
A/A18a,42.72,21930.09,30.33,30888.68,936853.82,在售,商务公寓
A/A19a,42.72,21949.44,30.33,30915.92,937680.08,在售,商务公寓
A/A20a,42.72,21968.78,30.33,30943.16,938506.34,在售,商务公寓
A/A21a,42.72,21988.12,30.33,30970.41,939332.60,在售,商务公寓
A/A22a,42.72,22007.46,30.33,30997.65,940158.86,在售,商务公寓
A/A23a,42.72,22017.12,30.33,31011.26,940571.52,在售,商务公寓
A/A24a,42.72,29719.00,30.33,41860.00,1269613.00,在售,商务公寓
A/A25a,42.72,22036.46,30.33,31038.50,941397.78,在售,商务公寓
A/A26a,42.72,22046.12,30.33,31052.10,941810.44,在售,商务公寓
A/A27a,42.72,22055.80,30.33,31065.74,942224.04,在售,商务公寓
A/A28a,42.72,22345.88,30.33,31474.31,954616.06,在售,商务公寓